season,game,round,week,date,home_team,away_team,home_score,away_score,game_id
2526,2025-08-15 Girona-Vallecano,1,1,2025-08-15 17:00:00+00:00,Girona,Vallecano,1.0,3.0,14082854
2526,2025-08-15 Villarreal-Oviedo,1,1,2025-08-15 19:30:00+00:00,Villarreal,Oviedo,2.0,0.0,14082858
2526,2025-08-16 Alaves-Levante,1,1,2025-08-16 19:30:00+00:00,Alaves,Levante,2.0,1.0,14082849
2526,2025-08-16 Mallorca-Barcelona,1,1,2025-08-16 17:30:00+00:00,Mallorca,Barcelona,0.0,3.0,14082855
2526,2025-08-16 Valencia-Sociedad,1,1,2025-08-16 19:30:00+00:00,Valencia,Sociedad,1.0,1.0,14082857
2526,2025-08-17 Ath Bilbao-Sevilla,1,1,2025-08-17 17:30:00+00:00,Ath Bilbao,Sevilla,3.0,2.0,14082850
2526,2025-08-17 Celta-Getafe,1,1,2025-08-17 15:00:00+00:00,Celta,Getafe,0.0,2.0,14082851
2526,2025-08-17 Espanol-Ath Madrid,1,1,2025-08-17 19:30:00+00:00,Espanol,Ath Madrid,2.0,1.0,14082853
2526,2025-08-18 Elche-Betis,1,1,2025-08-18 19:00:00+00:00,Elche,Betis,1.0,1.0,14082852
2526,2025-08-19 Real Madrid-Osasuna,1,1,2025-08-19 19:00:00+00:00,Real Madrid,Osasuna,1.0,0.0,14082856
2526,2025-08-22 Betis-Alaves,2,2,2025-08-22 19:30:00+00:00,Betis,Alaves,1.0,0.0,14082864
2526,2025-08-23 Ath Madrid-Elche,2,2,2025-08-23 17:30:00+00:00,Ath Madrid,Elche,1.0,1.0,14082860
2526,2025-08-23 Levante-Barcelona,2,2,2025-08-23 19:30:00+00:00,Levante,Barcelona,2.0,3.0,14082865
2526,2025-08-23 Mallorca-Celta,2,2,2025-08-23 15:00:00+00:00,Mallorca,Celta,1.0,1.0,14082866
2526,2025-08-24 Osasuna-Valencia,2,2,2025-08-24 15:00:00+00:00,Osasuna,Valencia,1.0,0.0,14082861
2526,2025-08-24 Oviedo-Real Madrid,2,2,2025-08-24 19:30:00+00:00,Oviedo,Real Madrid,0.0,3.0,14082862
2526,2025-08-24 Sociedad-Espanol,2,2,2025-08-24 17:30:00+00:00,Sociedad,Espanol,2.0,2.0,14082867
2526,2025-08-24 Villarreal-Girona,2,2,2025-08-24 17:30:00+00:00,Villarreal,Girona,5.0,0.0,14083100
2526,2025-08-25 Ath Bilbao-Vallecano,2,2,2025-08-25 17:30:00+00:00,Ath Bilbao,Vallecano,1.0,0.0,14082859
2526,2025-08-25 Sevilla-Getafe,2,2,2025-08-25 19:30:00+00:00,Sevilla,Getafe,1.0,2.0,14083092
2526,2025-08-27 Celta-Betis,6,6,2025-08-27 19:00:00+00:00,Celta,Betis,1.0,1.0,14083498
2526,2025-08-29 Elche-Levante,3,3,2025-08-29 17:30:00+00:00,Elche,Levante,2.0,0.0,14083129
2526,2025-08-29 Valencia-Getafe,3,3,2025-08-29 19:30:00+00:00,Valencia,Getafe,3.0,0.0,14083187
2526,2025-08-30 Alaves-Ath Madrid,3,3,2025-08-30 15:00:00+00:00,Alaves,Ath Madrid,1.0,1.0,14083109
2526,2025-08-30 Girona-Sevilla,3,3,2025-08-30 17:30:00+00:00,Girona,Sevilla,0.0,2.0,14083148
2526,2025-08-30 Oviedo-Sociedad,3,3,2025-08-30 17:00:00+00:00,Oviedo,Sociedad,1.0,0.0,14083157
2526,2025-08-30 Real Madrid-Mallorca,3,3,2025-08-30 19:30:00+00:00,Real Madrid,Mallorca,2.0,1.0,14083197
2526,2025-08-31 Betis-Ath Bilbao,3,3,2025-08-31 17:00:00+00:00,Betis,Ath Bilbao,1.0,2.0,14083167
2526,2025-08-31 Celta-Villarreal,3,3,2025-08-31 15:00:00+00:00,Celta,Villarreal,1.0,1.0,14083119
2526,2025-08-31 Espanol-Osasuna,3,3,2025-08-31 17:30:00+00:00,Espanol,Osasuna,1.0,0.0,14083138
2526,2025-08-31 Vallecano-Barcelona,3,3,2025-08-31 19:30:00+00:00,Vallecano,Barcelona,1.0,1.0,14083178
2526,2025-09-12 Sevilla-Elche,4,4,2025-09-12 19:00:00+00:00,Sevilla,Elche,2.0,2.0,14083253
2526,2025-09-13 Ath Bilbao-Alaves,4,4,2025-09-13 16:30:00+00:00,Ath Bilbao,Alaves,0.0,1.0,14083246
2526,2025-09-13 Ath Madrid-Villarreal,4,4,2025-09-13 19:00:00+00:00,Ath Madrid,Villarreal,2.0,0.0,14083206
2526,2025-09-13 Getafe-Oviedo,4,4,2025-09-13 12:00:00+00:00,Getafe,Oviedo,2.0,0.0,14083240
2526,2025-09-13 Sociedad-Real Madrid,4,4,2025-09-13 14:15:00+00:00,Sociedad,Real Madrid,1.0,2.0,14083256
2526,2025-09-14 Barcelona-Valencia,4,4,2025-09-14 19:00:00+00:00,Barcelona,Valencia,6.0,0.0,14083216
2526,2025-09-14 Celta-Girona,4,4,2025-09-14 12:00:00+00:00,Celta,Girona,1.0,1.0,14083225
2526,2025-09-14 Levante-Betis,4,4,2025-09-14 14:15:00+00:00,Levante,Betis,2.0,2.0,14083249
2526,2025-09-14 Osasuna-Vallecano,4,4,2025-09-14 16:30:00+00:00,Osasuna,Vallecano,2.0,0.0,14083243
2526,2025-09-15 Espanol-Mallorca,4,4,2025-09-15 19:00:00+00:00,Espanol,Mallorca,3.0,2.0,14083234
2526,2025-09-19 Betis-Sociedad,5,5,2025-09-19 19:00:00+00:00,Betis,Sociedad,3.0,1.0,14083266
2526,2025-09-20 Alaves-Sevilla,5,5,2025-09-20 16:30:00+00:00,Alaves,Sevilla,1.0,2.0,14083259
2526,2025-09-20 Girona-Levante,5,5,2025-09-20 12:00:00+00:00,Girona,Levante,0.0,4.0,14083285
2526,2025-09-20 Real Madrid-Espanol,5,5,2025-09-20 14:15:00+00:00,Real Madrid,Espanol,2.0,0.0,14083333
2526,2025-09-20 Valencia-Ath Bilbao,5,5,2025-09-20 19:00:00+00:00,Valencia,Ath Bilbao,2.0,0.0,14083298
2526,2025-09-20 Villarreal-Osasuna,5,5,2025-09-20 16:30:00+00:00,Villarreal,Osasuna,2.0,1.0,14083351
2526,2025-09-21 Barcelona-Getafe,5,5,2025-09-21 19:00:00+00:00,Barcelona,Getafe,3.0,0.0,14083262
2526,2025-09-21 Elche-Oviedo,5,5,2025-09-21 16:30:00+00:00,Elche,Oviedo,1.0,0.0,14083275
2526,2025-09-21 Mallorca-Ath Madrid,5,5,2025-09-21 14:15:00+00:00,Mallorca,Ath Madrid,1.0,1.0,14083310
2526,2025-09-21 Vallecano-Celta,5,5,2025-09-21 12:00:00+00:00,Vallecano,Celta,1.0,1.0,14083322
2526,2025-09-23 Ath Bilbao-Girona,6,6,2025-09-23 17:00:00+00:00,Ath Bilbao,Girona,1.0,1.0,14083369
2526,2025-09-23 Espanol-Valencia,6,6,2025-09-23 17:00:00+00:00,Espanol,Valencia,2.0,2.0,14083407
2526,2025-09-23 Levante-Real Madrid,6,6,2025-09-23 19:30:00+00:00,Levante,Real Madrid,1.0,4.0,14083426
2526,2025-09-23 Sevilla-Villarreal,6,6,2025-09-23 19:30:00+00:00,Sevilla,Villarreal,1.0,2.0,14083443
2526,2025-09-24 Ath Madrid-Vallecano,6,6,2025-09-24 19:30:00+00:00,Ath Madrid,Vallecano,3.0,2.0,14083386
2526,2025-09-24 Getafe-Alaves,6,6,2025-09-24 17:00:00+00:00,Getafe,Alaves,1.0,1.0,14083462
2526,2025-09-24 Sociedad-Mallorca,6,6,2025-09-24 19:30:00+00:00,Sociedad,Mallorca,1.0,0.0,14083528
2526,2025-09-25 Osasuna-Elche,6,6,2025-09-25 17:30:00+00:00,Osasuna,Elche,1.0,1.0,14083516
2526,2025-09-25 Oviedo-Barcelona,6,6,2025-09-25 19:30:00+00:00,Oviedo,Barcelona,1.0,3.0,14083481
2526,2025-09-26 Girona-Espanol,7,7,2025-09-26 19:00:00+00:00,Girona,Espanol,0.0,0.0,14083595
2526,2025-09-27 Ath Madrid-Real Madrid,7,7,2025-09-27 14:15:00+00:00,Ath Madrid,Real Madrid,5.0,2.0,14083541
2526,2025-09-27 Getafe-Levante,7,7,2025-09-27 12:00:00+00:00,Getafe,Levante,1.0,1.0,14083569
2526,2025-09-27 Mallorca-Alaves,7,7,2025-09-27 16:30:00+00:00,Mallorca,Alaves,1.0,0.0,14083580
2526,2025-09-27 Villarreal-Ath Bilbao,7,7,2025-09-27 19:00:00+00:00,Villarreal,Ath Bilbao,1.0,0.0,14083586
2526,2025-09-28 Barcelona-Sociedad,7,7,2025-09-28 16:30:00+00:00,Barcelona,Sociedad,2.0,1.0,14083553
2526,2025-09-28 Betis-Osasuna,7,7,2025-09-28 19:00:00+00:00,Betis,Osasuna,2.0,0.0,14083564
2526,2025-09-28 Elche-Celta,7,7,2025-09-28 14:15:00+00:00,Elche,Celta,2.0,1.0,14083589
2526,2025-09-28 Vallecano-Sevilla,7,7,2025-09-28 12:00:00+00:00,Vallecano,Sevilla,0.0,1.0,14083574
2526,2025-09-30 Valencia-Oviedo,7,7,2025-09-30 18:00:00+00:00,Valencia,Oviedo,1.0,2.0,14083601
2526,2025-10-03 Osasuna-Getafe,8,8,2025-10-03 19:00:00+00:00,Osasuna,Getafe,2.0,1.0,14652471
2526,2025-10-04 Ath Bilbao-Mallorca,8,8,2025-10-04 16:30:00+00:00,Ath Bilbao,Mallorca,2.0,1.0,14083610
2526,2025-10-04 Girona-Valencia,8,8,2025-10-04 14:15:00+00:00,Girona,Valencia,2.0,1.0,14083615
2526,2025-10-04 Oviedo-Levante,8,8,2025-10-04 12:00:00+00:00,Oviedo,Levante,0.0,2.0,14083645
2526,2025-10-04 Real Madrid-Villarreal,8,8,2025-10-04 19:00:00+00:00,Real Madrid,Villarreal,3.0,1.0,14083620
2526,2025-10-05 Alaves-Elche,8,8,2025-10-05 12:00:00+00:00,Alaves,Elche,3.0,1.0,14083605
2526,2025-10-05 Celta-Ath Madrid,8,8,2025-10-05 19:00:00+00:00,Celta,Ath Madrid,1.0,1.0,14083625
2526,2025-10-05 Espanol-Betis,8,8,2025-10-05 16:30:00+00:00,Espanol,Betis,1.0,2.0,14083635
2526,2025-10-05 Sevilla-Barcelona,8,8,2025-10-05 14:15:00+00:00,Sevilla,Barcelona,4.0,1.0,14083630
2526,2025-10-05 Sociedad-Vallecano,8,8,2025-10-05 16:30:00+00:00,Sociedad,Vallecano,0.0,1.0,14083650
2526,2025-10-17 Oviedo-Espanol,9,9,2025-10-17 19:00:00+00:00,Oviedo,Espanol,0.0,2.0,14083694
2526,2025-10-18 Ath Madrid-Osasuna,9,9,2025-10-18 19:00:00+00:00,Ath Madrid,Osasuna,1.0,0.0,14083659
2526,2025-10-18 Barcelona-Girona,9,9,2025-10-18 14:15:00+00:00,Barcelona,Girona,2.0,1.0,14083664
2526,2025-10-18 Sevilla-Mallorca,9,9,2025-10-18 12:00:00+00:00,Sevilla,Mallorca,1.0,3.0,14083699
2526,2025-10-18 Villarreal-Betis,9,9,2025-10-18 16:30:00+00:00,Villarreal,Betis,2.0,2.0,14083690
2526,2025-10-19 Celta-Sociedad,9,9,2025-10-19 14:15:00+00:00,Celta,Sociedad,1.0,1.0,14083670
2526,2025-10-19 Elche-Ath Bilbao,9,9,2025-10-19 12:00:00+00:00,Elche,Ath Bilbao,0.0,0.0,14083685
2526,2025-10-19 Getafe-Real Madrid,9,9,2025-10-19 19:00:00+00:00,Getafe,Real Madrid,0.0,1.0,14083675
2526,2025-10-19 Levante-Vallecano,9,9,2025-10-19 16:30:00+00:00,Levante,Vallecano,0.0,3.0,14083680
2526,2025-10-20 Alaves-Valencia,9,9,2025-10-20 19:00:00+00:00,Alaves,Valencia,0.0,0.0,14083655
2526,2025-10-24 Sociedad-Sevilla,10,10,2025-10-24 19:00:00+00:00,Sociedad,Sevilla,2.0,1.0,14083712
2526,2025-10-25 Ath Bilbao-Getafe,10,10,2025-10-25 16:30:00+00:00,Ath Bilbao,Getafe,0.0,1.0,14083704
2526,2025-10-25 Espanol-Elche,10,10,2025-10-25 14:15:00+00:00,Espanol,Elche,1.0,0.0,14083737
2526,2025-10-25 Girona-Oviedo,10,10,2025-10-25 12:00:00+00:00,Girona,Oviedo,3.0,3.0,14083708
2526,2025-10-25 Valencia-Villarreal,10,10,2025-10-25 19:00:00+00:00,Valencia,Villarreal,0.0,2.0,14083717
2526,2025-10-26 Mallorca-Levante,10,10,2025-10-26 13:00:00+00:00,Mallorca,Levante,1.0,1.0,14083742
2526,2025-10-26 Osasuna-Celta,10,10,2025-10-26 17:30:00+00:00,Osasuna,Celta,2.0,3.0,14083733
2526,2025-10-26 Real Madrid-Barcelona,10,10,2025-10-26 15:15:00+00:00,Real Madrid,Barcelona,2.0,1.0,14083729
2526,2025-10-26 Vallecano-Alaves,10,10,2025-10-26 20:00:00+00:00,Vallecano,Alaves,1.0,0.0,14083721
2526,2025-10-27 Betis-Ath Madrid,10,10,2025-10-27 20:00:00+00:00,Betis,Ath Madrid,0.0,2.0,14083725
2526,2025-10-31 Getafe-Girona,11,11,2025-10-31 20:00:00+00:00,Getafe,Girona,2.0,1.0,14083098
2526,2025-11-01 Ath Madrid-Sevilla,11,11,2025-11-01 15:15:00+00:00,Ath Madrid,Sevilla,3.0,0.0,14083094
2526,2025-11-01 Real Madrid-Valencia,11,11,2025-11-01 20:00:00+00:00,Real Madrid,Valencia,4.0,0.0,14083099
2526,2025-11-01 Sociedad-Ath Bilbao,11,11,2025-11-01 17:30:00+00:00,Sociedad,Ath Bilbao,3.0,2.0,14083101
2526,2025-11-01 Villarreal-Vallecano,11,11,2025-11-01 13:00:00+00:00,Villarreal,Vallecano,4.0,0.0,14083105
2526,2025-11-02 Alaves-Espanol,11,11,2025-11-02 15:15:00+00:00,Alaves,Espanol,2.0,1.0,14083093
2526,2025-11-02 Barcelona-Elche,11,11,2025-11-02 17:30:00+00:00,Barcelona,Elche,3.0,1.0,14083095
2526,2025-11-02 Betis-Mallorca,11,11,2025-11-02 20:00:00+00:00,Betis,Mallorca,3.0,0.0,14083097
2526,2025-11-02 Levante-Celta,11,11,2025-11-02 13:00:00+00:00,Levante,Celta,1.0,2.0,14083103
2526,2025-11-03 Oviedo-Osasuna,11,11,2025-11-03 20:00:00+00:00,Oviedo,Osasuna,0.0,0.0,14083104
2526,2025-11-07 Elche-Sociedad,12,12,2025-11-07 20:00:00+00:00,Elche,Sociedad,1.0,1.0,14083110
2526,2025-11-08 Ath Madrid-Levante,12,12,2025-11-08 17:30:00+00:00,Ath Madrid,Levante,3.0,1.0,14083108
2526,2025-11-08 Espanol-Villarreal,12,12,2025-11-08 20:00:00+00:00,Espanol,Villarreal,0.0,2.0,14083111
2526,2025-11-08 Girona-Alaves,12,12,2025-11-08 13:00:00+00:00,Girona,Alaves,1.0,0.0,14083114
2526,2025-11-08 Sevilla-Osasuna,12,12,2025-11-08 15:15:00+00:00,Sevilla,Osasuna,1.0,0.0,14083120
2526,2025-11-09 Ath Bilbao-Oviedo,12,12,2025-11-09 13:00:00+00:00,Ath Bilbao,Oviedo,1.0,0.0,14083106
2526,2025-11-09 Celta-Barcelona,12,12,2025-11-09 20:00:00+00:00,Celta,Barcelona,2.0,4.0,14083115
2526,2025-11-09 Mallorca-Getafe,12,12,2025-11-09 17:30:00+00:00,Mallorca,Getafe,1.0,0.0,14083118
2526,2025-11-09 Valencia-Betis,12,12,2025-11-09 17:30:00+00:00,Valencia,Betis,1.0,1.0,14083116
2526,2025-11-09 Vallecano-Real Madrid,12,12,2025-11-09 15:15:00+00:00,Vallecano,Real Madrid,0.0,0.0,14083112
2526,2025-11-21 Valencia-Levante,13,13,2025-11-21 20:00:00+00:00,Valencia,Levante,1.0,0.0,14083133
2526,2025-11-22 Alaves-Celta,13,13,2025-11-22 13:00:00+00:00,Alaves,Celta,0.0,1.0,14083121
2526,2025-11-22 Barcelona-Ath Bilbao,13,13,2025-11-22 15:15:00+00:00,Barcelona,Ath Bilbao,4.0,0.0,14083130
2526,2025-11-22 Osasuna-Sociedad,13,13,2025-11-22 17:30:00+00:00,Osasuna,Sociedad,1.0,3.0,14083126
2526,2025-11-22 Villarreal-Mallorca,13,13,2025-11-22 20:00:00+00:00,Villarreal,Mallorca,2.0,1.0,14083134
2526,2025-11-23 Betis-Girona,13,13,2025-11-23 15:15:00+00:00,Betis,Girona,1.0,1.0,14083122
2526,2025-11-23 Elche-Real Madrid,13,13,2025-11-23 20:00:00+00:00,Elche,Real Madrid,2.0,2.0,14083124
2526,2025-11-23 Getafe-Ath Madrid,13,13,2025-11-23 17:30:00+00:00,Getafe,Ath Madrid,0.0,1.0,14083131
2526,2025-11-23 Oviedo-Vallecano,13,13,2025-11-23 13:00:00+00:00,Oviedo,Vallecano,0.0,0.0,14083128
2526,2025-11-24 Espanol-Sevilla,13,13,2025-11-24 20:00:00+00:00,Espanol,Sevilla,2.0,1.0,14083125
2526,2025-11-28 Getafe-Elche,14,14,2025-11-28 20:00:00+00:00,Getafe,Elche,1.0,0.0,14083149
2526,2025-11-29 Ath Madrid-Oviedo,14,14,2025-11-29 20:00:00+00:00,Ath Madrid,Oviedo,2.0,0.0,14083135
2526,2025-11-29 Barcelona-Alaves,14,14,2025-11-29 15:15:00+00:00,Barcelona,Alaves,3.0,1.0,14083144
2526,2025-11-29 Levante-Ath Bilbao,14,14,2025-11-29 17:30:00+00:00,Levante,Ath Bilbao,0.0,2.0,14083145
2526,2025-11-29 Mallorca-Osasuna,14,14,2025-11-29 13:00:00+00:00,Mallorca,Osasuna,2.0,2.0,14083140
2526,2025-11-30 Celta-Espanol,14,14,2025-11-30 17:30:00+00:00,Celta,Espanol,0.0,1.0,14083137
2526,2025-11-30 Girona-Real Madrid,14,14,2025-11-30 20:00:00+00:00,Girona,Real Madrid,1.0,1.0,14083139
2526,2025-11-30 Sevilla-Betis,14,14,2025-11-30 15:15:00+00:00,Sevilla,Betis,0.0,2.0,14083147
2526,2025-11-30 Sociedad-Villarreal,14,14,2025-11-30 13:00:00+00:00,Sociedad,Villarreal,2.0,3.0,14083143
2526,2025-12-01 Vallecano-Valencia,14,14,2025-12-01 20:00:00+00:00,Vallecano,Valencia,1.0,1.0,14083141
2526,2025-12-02 Barcelona-Ath Madrid,19,19,2025-12-02 20:00:00+00:00,Barcelona,Ath Madrid,3.0,1.0,14083215
2526,2025-12-03 Ath Bilbao-Real Madrid,19,19,2025-12-03 18:00:00+00:00,Ath Bilbao,Real Madrid,0.0,3.0,14083210
2526,2025-12-05 Oviedo-Mallorca,15,15,2025-12-05 20:00:00+00:00,Oviedo,Mallorca,0.0,0.0,14083162
2526,2025-12-06 Alaves-Sociedad,15,15,2025-12-06 15:15:00+00:00,Alaves,Sociedad,1.0,0.0,14083150
2526,2025-12-06 Ath Bilbao-Ath Madrid,15,15,2025-12-06 20:00:00+00:00,Ath Bilbao,Ath Madrid,1.0,0.0,14083151
2526,2025-12-06 Betis-Barcelona,15,15,2025-12-06 17:30:00+00:00,Betis,Barcelona,3.0,5.0,14083155
2526,2025-12-06 Villarreal-Getafe,15,15,2025-12-06 13:00:00+00:00,Villarreal,Getafe,2.0,0.0,14083159
2526,2025-12-07 Elche-Girona,15,15,2025-12-07 13:00:00+00:00,Elche,Girona,3.0,0.0,14083153
2526,2025-12-07 Espanol-Vallecano,15,15,2025-12-07 17:30:00+00:00,Espanol,Vallecano,1.0,0.0,14083154
2526,2025-12-07 Real Madrid-Celta,15,15,2025-12-07 20:00:00+00:00,Real Madrid,Celta,0.0,2.0,14083158
2526,2025-12-07 Valencia-Sevilla,15,15,2025-12-07 15:15:00+00:00,Valencia,Sevilla,1.0,1.0,14083163
2526,2025-12-08 Osasuna-Levante,15,15,2025-12-08 20:00:00+00:00,Osasuna,Levante,2.0,0.0,14083160
2526,2025-12-12 Sociedad-Girona,16,16,2025-12-12 20:00:00+00:00,Sociedad,Girona,1.0,2.0,14083177
2526,2025-12-13 Ath Madrid-Valencia,16,16,2025-12-13 13:00:00+00:00,Ath Madrid,Valencia,2.0,1.0,14083165
2526,2025-12-13 Barcelona-Osasuna,16,16,2025-12-13 17:30:00+00:00,Barcelona,Osasuna,2.0,0.0,14083168
2526,2025-12-13 Getafe-Espanol,16,16,2025-12-13 20:00:00+00:00,Getafe,Espanol,0.0,1.0,14083175
2526,2025-12-13 Mallorca-Elche,16,16,2025-12-13 15:15:00+00:00,Mallorca,Elche,3.0,1.0,14083174
2526,2025-12-14 Alaves-Real Madrid,16,16,2025-12-14 20:00:00+00:00,Alaves,Real Madrid,1.0,2.0,14083164
2526,2025-12-14 Celta-Ath Bilbao,16,16,2025-12-14 15:15:00+00:00,Celta,Ath Bilbao,2.0,0.0,14083171
2526,2025-12-14 Sevilla-Oviedo,16,16,2025-12-14 13:00:00+00:00,Sevilla,Oviedo,4.0,0.0,14083179
2526,2025-12-15 Vallecano-Betis,16,16,2025-12-15 20:00:00+00:00,Vallecano,Betis,0.0,0.0,14083173
2526,2025-12-19 Valencia-Mallorca,17,17,2025-12-19 20:00:00+00:00,Valencia,Mallorca,1.0,1.0,14083193
2526,2025-12-20 Levante-Sociedad,17,17,2025-12-20 15:15:00+00:00,Levante,Sociedad,1.0,1.0,14083184
2526,2025-12-20 Osasuna-Alaves,17,17,2025-12-20 17:30:00+00:00,Osasuna,Alaves,3.0,0.0,14083188
2526,2025-12-20 Oviedo-Celta,17,17,2025-12-20 13:00:00+00:00,Oviedo,Celta,0.0,0.0,14083192
2526,2025-12-20 Real Madrid-Sevilla,17,17,2025-12-20 20:00:00+00:00,Real Madrid,Sevilla,2.0,0.0,14083185
2526,2025-12-21 Betis-Getafe,17,17,2025-12-21 20:00:00+00:00,Betis,Getafe,4.0,0.0,14083181
2526,2025-12-21 Elche-Vallecano,17,17,2025-12-21 17:30:00+00:00,Elche,Vallecano,4.0,0.0,14083183
2526,2025-12-21 Girona-Ath Madrid,17,17,2025-12-21 13:00:00+00:00,Girona,Ath Madrid,0.0,3.0,14083189
2526,2025-12-21 Villarreal-Barcelona,17,17,2025-12-21 15:15:00+00:00,Villarreal,Barcelona,0.0,2.0,14083190
2526,2025-12-22 Ath Bilbao-Espanol,17,17,2025-12-22 20:00:00+00:00,Ath Bilbao,Espanol,1.0,2.0,14083180
2526,2026-01-02 Vallecano-Getafe,18,18,2026-01-02 20:00:00+00:00,Vallecano,Getafe,1.0,1.0,14083205
2526,2026-01-03 Celta-Valencia,18,18,2026-01-03 13:00:00+00:00,Celta,Valencia,4.0,1.0,14083196
2526,2026-01-03 Elche-Villarreal,18,18,2026-01-03 17:30:00+00:00,Elche,Villarreal,1.0,3.0,14083198
2526,2026-01-03 Espanol-Barcelona,18,18,2026-01-03 20:00:00+00:00,Espanol,Barcelona,0.0,2.0,14083203
2526,2026-01-03 Osasuna-Ath Bilbao,18,18,2026-01-03 15:15:00+00:00,Osasuna,Ath Bilbao,1.0,1.0,14083200
2526,2026-01-04 Alaves-Oviedo,18,18,2026-01-04 17:30:00+00:00,Alaves,Oviedo,1.0,1.0,14083194
2526,2026-01-04 Mallorca-Girona,18,18,2026-01-04 17:30:00+00:00,Mallorca,Girona,1.0,2.0,14083208
2526,2026-01-04 Real Madrid-Betis,18,18,2026-01-04 15:15:00+00:00,Real Madrid,Betis,5.0,1.0,14083204
2526,2026-01-04 Sevilla-Levante,18,18,2026-01-04 13:00:00+00:00,Sevilla,Levante,0.0,3.0,14083209
2526,2026-01-04 Sociedad-Ath Madrid,18,18,2026-01-04 20:00:00+00:00,Sociedad,Ath Madrid,1.0,1.0,14083201
2526,2026-01-09 Getafe-Sociedad,19,19,2026-01-09 20:00:00+00:00,Getafe,Sociedad,1.0,2.0,14083212
2526,2026-01-10 Girona-Osasuna,19,19,2026-01-10 17:30:00+00:00,Girona,Osasuna,1.0,0.0,14083213
2526,2026-01-10 Oviedo-Betis,19,19,2026-01-10 13:00:00+00:00,Oviedo,Betis,1.0,1.0,14083218
2526,2026-01-10 Valencia-Elche,19,19,2026-01-10 20:00:00+00:00,Valencia,Elche,1.0,1.0,14083220
2526,2026-01-10 Villarreal-Alaves,19,19,2026-01-10 15:15:00+00:00,Villarreal,Alaves,3.0,1.0,14083214
2526,2026-01-11 Levante-Espanol,19,19,2026-01-11 15:15:00+00:00,Levante,Espanol,1.0,1.0,14083222
2526,2026-01-11 Vallecano-Mallorca,19,19,2026-01-11 13:00:00+00:00,Vallecano,Mallorca,2.0,1.0,14083223
2526,2026-01-12 Sevilla-Celta,19,19,2026-01-12 20:00:00+00:00,Sevilla,Celta,0.0,1.0,14083219
2526,2026-01-16 Espanol-Girona,20,20,2026-01-16 20:00:00+00:00,Espanol,Girona,0.0,2.0,14083229
2526,2026-01-17 Betis-Villarreal,20,20,2026-01-17 20:00:00+00:00,Betis,Villarreal,2.0,0.0,14083224
2526,2026-01-17 Mallorca-Ath Bilbao,20,20,2026-01-17 15:15:00+00:00,Mallorca,Ath Bilbao,3.0,2.0,14083235
2526,2026-01-17 Osasuna-Oviedo,20,20,2026-01-17 17:30:00+00:00,Osasuna,Oviedo,3.0,2.0,14083232
2526,2026-01-17 Real Madrid-Levante,20,20,2026-01-17 13:00:00+00:00,Real Madrid,Levante,2.0,0.0,14083238
2526,2026-01-18 Ath Madrid-Alaves,20,20,2026-01-18 15:15:00+00:00,Ath Madrid,Alaves,1.0,0.0,14083233
2526,2026-01-18 Celta-Vallecano,20,20,2026-01-18 17:30:00+00:00,Celta,Vallecano,3.0,0.0,14083226
2526,2026-01-18 Getafe-Valencia,20,20,2026-01-18 13:00:00+00:00,Getafe,Valencia,0.0,1.0,14083230
2526,2026-01-18 Sociedad-Barcelona,20,20,2026-01-18 20:00:00+00:00,Sociedad,Barcelona,2.0,1.0,14083237
2526,2026-01-19 Elche-Sevilla,20,20,2026-01-19 20:00:00+00:00,Elche,Sevilla,2.0,2.0,14083228
2526,2026-01-23 Levante-Elche,21,21,2026-01-23 20:00:00+00:00,Levante,Elche,3.0,2.0,14083146
2526,2026-01-24 Sevilla-Ath Bilbao,21,21,2026-01-24 17:30:00+00:00,Sevilla,Ath Bilbao,2.0,1.0,14083127
2526,2026-01-24 Valencia-Espanol,21,21,2026-01-24 15:15:00+00:00,Valencia,Espanol,3.0,2.0,14083156
2526,2026-01-24 Vallecano-Osasuna,21,21,2026-01-24 13:00:00+00:00,Vallecano,Osasuna,1.0,3.0,14083176
2526,2026-01-24 Villarreal-Real Madrid,21,21,2026-01-24 20:00:00+00:00,Villarreal,Real Madrid,0.0,2.0,14083186
2526,2026-01-25 Alaves-Betis,21,21,2026-01-25 20:00:00+00:00,Alaves,Betis,2.0,1.0,14083096
2526,2026-01-25 Ath Madrid-Mallorca,21,21,2026-01-25 13:00:00+00:00,Ath Madrid,Mallorca,3.0,0.0,14083107
2526,2026-01-25 Barcelona-Oviedo,21,21,2026-01-25 15:15:00+00:00,Barcelona,Oviedo,3.0,0.0,14083117
2526,2026-01-25 Sociedad-Celta,21,21,2026-01-25 17:30:00+00:00,Sociedad,Celta,3.0,1.0,14083136
2526,2026-01-26 Girona-Getafe,21,21,2026-01-26 20:00:00+00:00,Girona,Getafe,1.0,1.0,14083166
2526,2026-01-30 Espanol-Alaves,22,22,2026-01-30 20:00:00+00:00,Espanol,Alaves,1.0,2.0,14083236
2526,2026-01-31 Elche-Barcelona,22,22,2026-01-31 20:00:00+00:00,Elche,Barcelona,1.0,3.0,14083244
2526,2026-01-31 Levante-Ath Madrid,22,22,2026-01-31 17:30:00+00:00,Levante,Ath Madrid,0.0,0.0,14083241
2526,2026-01-31 Osasuna-Villarreal,22,22,2026-01-31 15:15:00+00:00,Osasuna,Villarreal,2.0,2.0,14083227
2526,2026-01-31 Oviedo-Girona,22,22,2026-01-31 13:00:00+00:00,Oviedo,Girona,1.0,0.0,14083251
2526,2026-02-01 Ath Bilbao-Sociedad,22,22,2026-02-01 20:00:00+00:00,Ath Bilbao,Sociedad,1.0,1.0,14083195
2526,2026-02-01 Betis-Valencia,22,22,2026-02-01 15:15:00+00:00,Betis,Valencia,2.0,1.0,14083207
2526,2026-02-01 Getafe-Celta,22,22,2026-02-01 17:30:00+00:00,Getafe,Celta,0.0,0.0,14083247
2526,2026-02-01 Real Madrid-Vallecano,22,22,2026-02-01 13:00:00+00:00,Real Madrid,Vallecano,2.0,1.0,14083254
2526,2026-02-02 Mallorca-Sevilla,22,22,2026-02-02 20:00:00+00:00,Mallorca,Sevilla,4.0,1.0,14083217
2526,2026-02-06 Celta-Osasuna,23,23,2026-02-06 20:00:00+00:00,Celta,Osasuna,1.0,2.0,14083279
2526,2026-02-07 Barcelona-Mallorca,23,23,2026-02-07 15:15:00+00:00,Barcelona,Mallorca,3.0,0.0,14083269
2526,2026-02-07 Sociedad-Elche,23,23,2026-02-07 20:00:00+00:00,Sociedad,Elche,3.0,1.0,14083292
2526,2026-02-08 Alaves-Getafe,23,23,2026-02-08 13:00:00+00:00,Alaves,Getafe,0.0,2.0,14083257
2526,2026-02-08 Ath Bilbao-Levante,23,23,2026-02-08 15:15:00+00:00,Ath Bilbao,Levante,4.0,2.0,14083260
2526,2026-02-08 Ath Madrid-Betis,23,23,2026-02-08 17:30:00+00:00,Ath Madrid,Betis,0.0,1.0,14083263
2526,2026-02-08 Sevilla-Girona,23,23,2026-02-08 15:15:00+00:00,Sevilla,Girona,1.0,1.0,14083315
2526,2026-02-08 Valencia-Real Madrid,23,23,2026-02-08 20:00:00+00:00,Valencia,Real Madrid,0.0,2.0,14083327
2526,2026-02-09 Villarreal-Espanol,23,23,2026-02-09 20:00:00+00:00,Villarreal,Espanol,4.0,1.0,14083303
2526,2026-02-13 Elche-Osasuna,24,24,2026-02-13 20:00:00+00:00,Elche,Osasuna,0.0,0.0,14083360
2526,2026-02-14 Espanol-Celta,24,24,2026-02-14 13:00:00+00:00,Espanol,Celta,2.0,2.0,14083524
2526,2026-02-14 Getafe-Villarreal,24,24,2026-02-14 15:15:00+00:00,Getafe,Villarreal,2.0,1.0,14083378
2526,2026-02-14 Real Madrid-Sociedad,24,24,2026-02-14 20:00:00+00:00,Real Madrid,Sociedad,4.0,1.0,14083418
2526,2026-02-14 Sevilla-Alaves,24,24,2026-02-14 17:30:00+00:00,Sevilla,Alaves,1.0,1.0,14083436
2526,2026-02-15 Levante-Valencia,24,24,2026-02-15 17:30:00+00:00,Levante,Valencia,0.0,2.0,14083396
2526,2026-02-15 Mallorca-Betis,24,24,2026-02-15 20:00:00+00:00,Mallorca,Betis,1.0,2.0,14083509
2526,2026-02-15 Oviedo-Ath Bilbao,24,24,2026-02-15 13:00:00+00:00,Oviedo,Ath Bilbao,1.0,2.0,14083454
2526,2026-02-15 Vallecano-Ath Madrid,24,24,2026-02-15 15:15:00+00:00,Vallecano,Ath Madrid,3.0,0.0,14083472
2526,2026-02-16 Girona-Barcelona,24,24,2026-02-16 20:00:00+00:00,Girona,Barcelona,2.0,1.0,14083491
2526,2026-02-18 Levante-Villarreal,16,16,2026-02-18 19:00:00+00:00,Levante,Villarreal,0.0,1.0,15398993
2526,2026-02-20 Ath Bilbao-Elche,25,25,2026-02-20 20:00:00+00:00,Ath Bilbao,Elche,2.0,1.0,14083549
2526,2026-02-21 Ath Madrid-Espanol,25,25,2026-02-21 20:00:00+00:00,Ath Madrid,Espanol,4.0,2.0,14083561
2526,2026-02-21 Betis-Vallecano,25,25,2026-02-21 15:15:00+00:00,Betis,Vallecano,1.0,1.0,14083572
2526,2026-02-21 Osasuna-Real Madrid,25,25,2026-02-21 17:30:00+00:00,Osasuna,Real Madrid,2.0,1.0,14081794
2526,2026-02-21 Sociedad-Oviedo,25,25,2026-02-21 13:00:00+00:00,Sociedad,Oviedo,3.0,3.0,14081792
2526,2026-02-22 Barcelona-Levante,25,25,2026-02-22 15:15:00+00:00,Barcelona,Levante,3.0,0.0,14083567
2526,2026-02-22 Celta-Mallorca,25,25,2026-02-22 17:30:00+00:00,Celta,Mallorca,2.0,0.0,14083577
2526,2026-02-22 Getafe-Sevilla,25,25,2026-02-22 13:00:00+00:00,Getafe,Sevilla,0.0,1.0,14083582
2526,2026-02-22 Villarreal-Valencia,25,25,2026-02-22 20:00:00+00:00,Villarreal,Valencia,2.0,1.0,14081796
2526,2026-02-23 Alaves-Girona,25,25,2026-02-23 20:00:00+00:00,Alaves,Girona,2.0,2.0,14083537
2526,2026-02-27 Levante-Alaves,26,26,2026-02-27 20:00:00+00:00,Levante,Alaves,2.0,0.0,14081793
2526,2026-02-28 Barcelona-Villarreal,26,26,2026-02-28 15:15:00+00:00,Barcelona,Villarreal,4.0,1.0,14081789
2526,2026-02-28 Mallorca-Sociedad,26,26,2026-02-28 17:30:00+00:00,Mallorca,Sociedad,0.0,1.0,14081818
2526,2026-02-28 Oviedo-Ath Madrid,26,26,2026-02-28 20:00:00+00:00,Oviedo,Ath Madrid,0.0,1.0,14081795
2526,2026-02-28 Vallecano-Ath Bilbao,26,26,2026-02-28 13:00:00+00:00,Vallecano,Ath Bilbao,1.0,1.0,14081790
2526,2026-03-01 Betis-Sevilla,26,26,2026-03-01 17:30:00+00:00,Betis,Sevilla,,,14081791
2526,2026-03-01 Elche-Espanol,26,26,2026-03-01 13:00:00+00:00,Elche,Espanol,,,14081819
2526,2026-03-01 Girona-Celta,26,26,2026-03-01 20:00:00+00:00,Girona,Celta,,,14081797
2526,2026-03-01 Valencia-Osasuna,26,26,2026-03-01 15:15:00+00:00,Valencia,Osasuna,,,14083591
2526,2026-03-02 Real Madrid-Getafe,26,26,2026-03-02 20:00:00+00:00,Real Madrid,Getafe,,,14081798
2526,2026-03-04 Vallecano-Oviedo,23,23,2026-03-04 18:00:00+00:00,Vallecano,Oviedo,,,15534915
2526,2026-03-06 Celta-Real Madrid,27,27,2026-03-06 20:00:00+00:00,Celta,Real Madrid,,,14083607
2526,2026-03-07 Ath Bilbao-Barcelona,27,27,2026-03-07 20:00:00+00:00,Ath Bilbao,Barcelona,,,14083597
2526,2026-03-07 Ath Madrid-Sociedad,27,27,2026-03-07 17:30:00+00:00,Ath Madrid,Sociedad,,,14083602
2526,2026-03-07 Levante-Girona,27,27,2026-03-07 15:15:00+00:00,Levante,Girona,,,14081802
2526,2026-03-07 Osasuna-Mallorca,27,27,2026-03-07 13:00:00+00:00,Osasuna,Mallorca,,,14081805
2526,2026-03-08 Getafe-Betis,27,27,2026-03-08 15:15:00+00:00,Getafe,Betis,,,14081801
2526,2026-03-08 Sevilla-Vallecano,27,27,2026-03-08 17:30:00+00:00,Sevilla,Vallecano,,,14081804
2526,2026-03-08 Valencia-Alaves,27,27,2026-03-08 20:00:00+00:00,Valencia,Alaves,,,14081799
2526,2026-03-08 Villarreal-Elche,27,27,2026-03-08 13:00:00+00:00,Villarreal,Elche,,,14081803
2526,2026-03-09 Espanol-Oviedo,27,27,2026-03-09 20:00:00+00:00,Espanol,Oviedo,,,14081800
2526,2026-03-13 Alaves-Villarreal,28,28,2026-03-13 20:00:00+00:00,Alaves,Villarreal,,,14081806
2526,2026-03-14 Ath Madrid-Getafe,28,28,2026-03-14 15:15:00+00:00,Ath Madrid,Getafe,,,14083612
2526,2026-03-14 Girona-Ath Bilbao,28,28,2026-03-14 13:00:00+00:00,Girona,Ath Bilbao,,,14083632
2526,2026-03-14 Oviedo-Valencia,28,28,2026-03-14 17:30:00+00:00,Oviedo,Valencia,,,14083627
2526,2026-03-14 Real Madrid-Elche,28,28,2026-03-14 20:00:00+00:00,Real Madrid,Elche,,,14083637
2526,2026-03-15 Barcelona-Sevilla,28,28,2026-03-15 15:15:00+00:00,Barcelona,Sevilla,,,14083617
2526,2026-03-15 Betis-Celta,28,28,2026-03-15 17:30:00+00:00,Betis,Celta,,,14083622
2526,2026-03-15 Mallorca-Espanol,28,28,2026-03-15 13:00:00+00:00,Mallorca,Espanol,,,14083642
2526,2026-03-15 Sociedad-Osasuna,28,28,2026-03-15 20:00:00+00:00,Sociedad,Osasuna,,,14083652
2526,2026-03-16 Vallecano-Levante,28,28,2026-03-16 20:00:00+00:00,Vallecano,Levante,,,14083647
2526,2026-03-20 Villarreal-Sociedad,29,29,2026-03-20 20:00:00+00:00,Villarreal,Sociedad,,,14081808
2526,2026-03-21 Elche-Mallorca,29,29,2026-03-21 13:00:00+00:00,Elche,Mallorca,,,14083668
2526,2026-03-21 Espanol-Getafe,29,29,2026-03-21 15:15:00+00:00,Espanol,Getafe,,,14083673
2526,2026-03-21 Levante-Oviedo,29,29,2026-03-21 17:30:00+00:00,Levante,Oviedo,,,14083678
2526,2026-03-21 Osasuna-Girona,29,29,2026-03-21 17:30:00+00:00,Osasuna,Girona,,,14081815
2526,2026-03-21 Sevilla-Valencia,29,29,2026-03-21 20:00:00+00:00,Sevilla,Valencia,,,14083684
2526,2026-03-22 Ath Bilbao-Betis,29,29,2026-03-22 17:30:00+00:00,Ath Bilbao,Betis,,,14083657
2526,2026-03-22 Barcelona-Vallecano,29,29,2026-03-22 13:00:00+00:00,Barcelona,Vallecano,,,14083662
2526,2026-03-22 Celta-Alaves,29,29,2026-03-22 15:15:00+00:00,Celta,Alaves,,,14083689
2526,2026-03-22 Real Madrid-Ath Madrid,29,29,2026-03-22 20:00:00+00:00,Real Madrid,Ath Madrid,,,14081807
2526,2026-04-05 Alaves-Osasuna,30,30,2026-04-05 19:00:00+00:00,Alaves,Osasuna,,,14081809
2526,2026-04-05 Ath Madrid-Barcelona,30,30,2026-04-05 19:00:00+00:00,Ath Madrid,Barcelona,,,14081810
2526,2026-04-05 Betis-Espanol,30,30,2026-04-05 19:00:00+00:00,Betis,Espanol,,,14081811
2526,2026-04-05 Getafe-Ath Bilbao,30,30,2026-04-05 19:00:00+00:00,Getafe,Ath Bilbao,,,14081813
2526,2026-04-05 Girona-Villarreal,30,30,2026-04-05 19:00:00+00:00,Girona,Villarreal,,,14081812
2526,2026-04-05 Mallorca-Real Madrid,30,30,2026-04-05 19:00:00+00:00,Mallorca,Real Madrid,,,14081816
2526,2026-04-05 Oviedo-Sevilla,30,30,2026-04-05 19:00:00+00:00,Oviedo,Sevilla,,,14081814
2526,2026-04-05 Sociedad-Levante,30,30,2026-04-05 19:00:00+00:00,Sociedad,Levante,,,14083701
2526,2026-04-05 Valencia-Celta,30,30,2026-04-05 19:00:00+00:00,Valencia,Celta,,,14081817
2526,2026-04-05 Vallecano-Elche,30,30,2026-04-05 19:00:00+00:00,Vallecano,Elche,,,14083697
2526,2026-04-12 Ath Bilbao-Villarreal,31,31,2026-04-12 19:00:00+00:00,Ath Bilbao,Villarreal,,,14083102
2526,2026-04-12 Barcelona-Espanol,31,31,2026-04-12 19:00:00+00:00,Barcelona,Espanol,,,14083113
2526,2026-04-12 Celta-Oviedo,31,31,2026-04-12 19:00:00+00:00,Celta,Oviedo,,,14083123
2526,2026-04-12 Elche-Valencia,31,31,2026-04-12 19:00:00+00:00,Elche,Valencia,,,14083132
2526,2026-04-12 Levante-Getafe,31,31,2026-04-12 19:00:00+00:00,Levante,Getafe,,,14083182
2526,2026-04-12 Mallorca-Vallecano,31,31,2026-04-12 19:00:00+00:00,Mallorca,Vallecano,,,14083142
2526,2026-04-12 Osasuna-Betis,31,31,2026-04-12 19:00:00+00:00,Osasuna,Betis,,,14083172
2526,2026-04-12 Real Madrid-Girona,31,31,2026-04-12 19:00:00+00:00,Real Madrid,Girona,,,14083191
2526,2026-04-12 Sevilla-Ath Madrid,31,31,2026-04-12 19:00:00+00:00,Sevilla,Ath Madrid,,,14083161
2526,2026-04-12 Sociedad-Alaves,31,31,2026-04-12 19:00:00+00:00,Sociedad,Alaves,,,14083152
2526,2026-04-22 Ath Bilbao-Osasuna,33,33,2026-04-22 19:00:00+00:00,Ath Bilbao,Osasuna,,,14083258
2526,2026-04-22 Barcelona-Celta,33,33,2026-04-22 19:00:00+00:00,Barcelona,Celta,,,14083261
2526,2026-04-22 Elche-Ath Madrid,33,33,2026-04-22 19:00:00+00:00,Elche,Ath Madrid,,,14083306
2526,2026-04-22 Girona-Betis,33,33,2026-04-22 19:00:00+00:00,Girona,Betis,,,14083318
2526,2026-04-22 Levante-Sevilla,33,33,2026-04-22 19:00:00+00:00,Levante,Sevilla,,,14083265
2526,2026-04-22 Mallorca-Valencia,33,33,2026-04-22 19:00:00+00:00,Mallorca,Valencia,,,14083270
2526,2026-04-22 Oviedo-Villarreal,33,33,2026-04-22 19:00:00+00:00,Oviedo,Villarreal,,,14083282
2526,2026-04-22 Real Madrid-Alaves,33,33,2026-04-22 19:00:00+00:00,Real Madrid,Alaves,,,14083295
2526,2026-04-22 Sociedad-Getafe,33,33,2026-04-22 19:00:00+00:00,Sociedad,Getafe,,,14083346
2526,2026-04-22 Vallecano-Espanol,33,33,2026-04-22 19:00:00+00:00,Vallecano,Espanol,,,14083330
2526,2026-04-26 Alaves-Mallorca,32,32,2026-04-26 19:00:00+00:00,Alaves,Mallorca,,,14083202
2526,2026-04-26 Ath Madrid-Ath Bilbao,32,32,2026-04-26 19:00:00+00:00,Ath Madrid,Ath Bilbao,,,14083242
2526,2026-04-26 Betis-Real Madrid,32,32,2026-04-26 19:00:00+00:00,Betis,Real Madrid,,,14083211
2526,2026-04-26 Espanol-Levante,32,32,2026-04-26 19:00:00+00:00,Espanol,Levante,,,14083221
2526,2026-04-26 Getafe-Barcelona,32,32,2026-04-26 19:00:00+00:00,Getafe,Barcelona,,,14083245
2526,2026-04-26 Osasuna-Sevilla,32,32,2026-04-26 19:00:00+00:00,Osasuna,Sevilla,,,14083231
2526,2026-04-26 Oviedo-Elche,32,32,2026-04-26 19:00:00+00:00,Oviedo,Elche,,,14083252
2526,2026-04-26 Valencia-Girona,32,32,2026-04-26 19:00:00+00:00,Valencia,Girona,,,14083255
2526,2026-04-26 Vallecano-Sociedad,32,32,2026-04-26 19:00:00+00:00,Vallecano,Sociedad,,,14083239
2526,2026-04-26 Villarreal-Celta,32,32,2026-04-26 19:00:00+00:00,Villarreal,Celta,,,14083248
2526,2026-05-03 Alaves-Ath Bilbao,34,34,2026-05-03 19:00:00+00:00,Alaves,Ath Bilbao,,,14083364
2526,2026-05-03 Betis-Oviedo,34,34,2026-05-03 19:00:00+00:00,Betis,Oviedo,,,14083381
2526,2026-05-03 Celta-Elche,34,34,2026-05-03 19:00:00+00:00,Celta,Elche,,,14083401
2526,2026-05-03 Espanol-Real Madrid,34,34,2026-05-03 19:00:00+00:00,Espanol,Real Madrid,,,14083422
2526,2026-05-03 Getafe-Vallecano,34,34,2026-05-03 19:00:00+00:00,Getafe,Vallecano,,,14083440
2526,2026-05-03 Girona-Mallorca,34,34,2026-05-03 19:00:00+00:00,Girona,Mallorca,,,14083457
2526,2026-05-03 Osasuna-Barcelona,34,34,2026-05-03 19:00:00+00:00,Osasuna,Barcelona,,,14083495
2526,2026-05-03 Sevilla-Sociedad,34,34,2026-05-03 19:00:00+00:00,Sevilla,Sociedad,,,14083526
2526,2026-05-03 Valencia-Ath Madrid,34,34,2026-05-03 19:00:00+00:00,Valencia,Ath Madrid,,,14083476
2526,2026-05-03 Villarreal-Levante,34,34,2026-05-03 19:00:00+00:00,Villarreal,Levante,,,14083512
2526,2026-05-10 Ath Bilbao-Valencia,35,35,2026-05-10 19:00:00+00:00,Ath Bilbao,Valencia,,,14083539
2526,2026-05-10 Ath Madrid-Celta,35,35,2026-05-10 19:00:00+00:00,Ath Madrid,Celta,,,14083551
2526,2026-05-10 Barcelona-Real Madrid,35,35,2026-05-10 19:00:00+00:00,Barcelona,Real Madrid,,,14083562
2526,2026-05-10 Elche-Alaves,35,35,2026-05-10 19:00:00+00:00,Elche,Alaves,,,14083578
2526,2026-05-10 Levante-Osasuna,35,35,2026-05-10 19:00:00+00:00,Levante,Osasuna,,,14083568
2526,2026-05-10 Mallorca-Villarreal,35,35,2026-05-10 19:00:00+00:00,Mallorca,Villarreal,,,14083573
2526,2026-05-10 Oviedo-Getafe,35,35,2026-05-10 19:00:00+00:00,Oviedo,Getafe,,,14083592
2526,2026-05-10 Sevilla-Espanol,35,35,2026-05-10 19:00:00+00:00,Sevilla,Espanol,,,14083587
2526,2026-05-10 Sociedad-Betis,35,35,2026-05-10 19:00:00+00:00,Sociedad,Betis,,,14083583
2526,2026-05-10 Vallecano-Girona,35,35,2026-05-10 19:00:00+00:00,Vallecano,Girona,,,14083598
2526,2026-05-13 Alaves-Barcelona,36,36,2026-05-13 19:00:00+00:00,Alaves,Barcelona,,,14083603
2526,2026-05-13 Betis-Elche,36,36,2026-05-13 19:00:00+00:00,Betis,Elche,,,14083608
2526,2026-05-13 Celta-Levante,36,36,2026-05-13 19:00:00+00:00,Celta,Levante,,,14083613
2526,2026-05-13 Espanol-Ath Bilbao,36,36,2026-05-13 19:00:00+00:00,Espanol,Ath Bilbao,,,14083629
2526,2026-05-13 Getafe-Mallorca,36,36,2026-05-13 19:00:00+00:00,Getafe,Mallorca,,,14083618
2526,2026-05-13 Girona-Sociedad,36,36,2026-05-13 19:00:00+00:00,Girona,Sociedad,,,14083624
2526,2026-05-13 Osasuna-Ath Madrid,36,36,2026-05-13 19:00:00+00:00,Osasuna,Ath Madrid,,,14083634
2526,2026-05-13 Real Madrid-Oviedo,36,36,2026-05-13 19:00:00+00:00,Real Madrid,Oviedo,,,14083649
2526,2026-05-13 Valencia-Vallecano,36,36,2026-05-13 19:00:00+00:00,Valencia,Vallecano,,,14083639
2526,2026-05-13 Villarreal-Sevilla,36,36,2026-05-13 19:00:00+00:00,Villarreal,Sevilla,,,14083644
2526,2026-05-17 Ath Bilbao-Celta,37,37,2026-05-17 19:00:00+00:00,Ath Bilbao,Celta,,,14083656
2526,2026-05-17 Ath Madrid-Girona,37,37,2026-05-17 19:00:00+00:00,Ath Madrid,Girona,,,14083661
2526,2026-05-17 Barcelona-Betis,37,37,2026-05-17 19:00:00+00:00,Barcelona,Betis,,,14083666
2526,2026-05-17 Elche-Getafe,37,37,2026-05-17 19:00:00+00:00,Elche,Getafe,,,14083671
2526,2026-05-17 Levante-Mallorca,37,37,2026-05-17 19:00:00+00:00,Levante,Mallorca,,,14083676
2526,2026-05-17 Osasuna-Espanol,37,37,2026-05-17 19:00:00+00:00,Osasuna,Espanol,,,14083696
2526,2026-05-17 Oviedo-Alaves,37,37,2026-05-17 19:00:00+00:00,Oviedo,Alaves,,,14083692
2526,2026-05-17 Sevilla-Real Madrid,37,37,2026-05-17 19:00:00+00:00,Sevilla,Real Madrid,,,14083702
2526,2026-05-17 Sociedad-Valencia,37,37,2026-05-17 19:00:00+00:00,Sociedad,Valencia,,,14083687
2526,2026-05-17 Vallecano-Villarreal,37,37,2026-05-17 19:00:00+00:00,Vallecano,Villarreal,,,14083682
2526,2026-05-24 Alaves-Vallecano,38,38,2026-05-24 19:00:00+00:00,Alaves,Vallecano,,,14083706
2526,2026-05-24 Betis-Levante,38,38,2026-05-24 19:00:00+00:00,Betis,Levante,,,14083710
2526,2026-05-24 Celta-Sevilla,38,38,2026-05-24 19:00:00+00:00,Celta,Sevilla,,,14083715
2526,2026-05-24 Espanol-Sociedad,38,38,2026-05-24 19:00:00+00:00,Espanol,Sociedad,,,14083719
2526,2026-05-24 Getafe-Osasuna,38,38,2026-05-24 19:00:00+00:00,Getafe,Osasuna,,,14083723
2526,2026-05-24 Girona-Elche,38,38,2026-05-24 19:00:00+00:00,Girona,Elche,,,14083743
2526,2026-05-24 Mallorca-Oviedo,38,38,2026-05-24 19:00:00+00:00,Mallorca,Oviedo,,,14083727
2526,2026-05-24 Real Madrid-Ath Bilbao,38,38,2026-05-24 19:00:00+00:00,Real Madrid,Ath Bilbao,,,14083731
2526,2026-05-24 Valencia-Barcelona,38,38,2026-05-24 19:00:00+00:00,Valencia,Barcelona,,,14083739
2526,2026-05-24 Villarreal-Ath Madrid,38,38,2026-05-24 19:00:00+00:00,Villarreal,Ath Madrid,,,14083735
