Player ID,Name,Pos,Team,Cost,Total Points,Bonus,Points/$,Games,Goals,Assists,xG,xA,xGI,gc,xGc,clean_sheets,def_con,Saves,h_Games,h_Goals,h_Assists,h_xG,h_xA,h_xGI,h_Gc,h_xGc,a_Games,a_Goals,a_Assists,a_xG,a_xA,a_xGI,a_Gc,a_xGc
430,Haaland,FWD,Manchester City,14.3,46,12,3.22,5,6,0,6.18,0.32,6.5,4,5.95,3,20,0,2,2,0,2.27,0.31,2.58,2,2.53,3,4,0,3.91,0.01,3.92,2,3.42
449,B.Fernandes,MID,Manchester Utd,9.0,26,5,2.89,5,2,0,2.73,0.99,3.72,8,7.11,0,54,0,3,2,0,1.89,0.63,2.52,4,2.83,2,0,0,0.84,0.36,1.2,4,4.28
119,Mbeumo,MID,Manchester Utd,8.1,19,3,2.35,5,1,0,1.85,1.27,3.12,7,6.92,1,13,0,3,1,0,1.17,0.79,1.96,3,2.64,2,0,0,0.68,0.48,1.16,4,4.28
82,Semenyo,MID,Bournemouth,7.7,41,6,5.32,5,3,2,2.78,0.26,3.04,5,3.62,3,42,0,3,1,2,1.66,0.18,1.84,1,1.22,2,2,0,1.12,0.08,1.2,4,2.4
283,Mateta,FWD,Crystal Palace,7.6,16,0,2.11,5,2,0,2.67,0.34,3.01,2,4.41,3,31,0,2,0,0,0.75,0.01,0.76,1,1.02,3,2,0,1.92,0.33,2.25,1,3.39
200,Anthony,MID,Burnley,5.5,34,5,6.18,5,3,1,2.06,0.53,2.59,7,9.33,2,38,0,3,2,1,1.24,0.16,1.4,1,3.38,2,1,0,0.82,0.37,1.19,6,5.95
666,Gyökeres,FWD,Arsenal,9.0,22,2,2.44,5,3,0,2.12,0.28,2.4,2,2.38,2,15,0,3,3,0,2.12,0.06,2.18,1,1.16,2,0,0,0.0,0.22,0.22,1,1.22
237,Enzo,MID,Chelsea,6.7,30,1,4.48,5,2,2,1.93,0.46,2.39,5,5.63,2,28,0,2,1,1,0.79,0.34,1.13,0,1.63,3,1,1,1.14,0.12,1.26,5,4.0
525,Wood,FWD,Nott'ham Forest,7.6,20,3,2.63,5,2,0,2.03,0.11,2.14,5,5.62,1,8,0,2,2,0,1.36,0.01,1.37,1,2.09,3,0,0,0.67,0.1,0.77,4,3.53
419,Grealish,MID,Everton,6.8,25,4,3.68,5,0,4,0.41,1.69,2.1,5,6.0,2,38,0,2,0,2,0.1,1.0,1.1,0,2.97,3,0,2,0.31,0.69,1.0,5,3.03
311,Beto,FWD,Everton,5.4,12,1,2.22,5,1,0,2.0,0.09,2.09,4,4.9,1,8,0,2,0,0,1.11,0.0,1.11,0,1.49,3,1,0,0.89,0.09,0.98,4,3.41
267,Sarr,MID,Crystal Palace,6.4,18,1,2.81,3,2,0,2.0,0.05,2.05,1,3.66,2,19,0,1,1,0,0.55,0.04,0.59,1,0.93,2,1,0,1.45,0.01,1.46,0,2.73
178,Welbeck,FWD,Brighton,6.3,6,0,0.95,5,0,0,1.69,0.35,2.04,7,4.76,0,8,0,3,0,0,0.04,0.23,0.27,3,1.96,2,0,0,1.65,0.12,1.77,4,2.8
86,Brooks,MID,Bournemouth,5.0,15,1,3.0,5,0,1,0.79,1.24,2.03,3,3.03,3,28,0,3,0,0,0.26,0.73,0.99,1,1.12,2,0,1,0.53,0.51,1.04,2,1.91
238,Estêvão,MID,Chelsea,6.5,9,0,1.38,4,0,1,0.99,1.04,2.03,1,0.8,1,13,0,2,0,0,0.7,0.43,1.13,0,0.42,2,0,1,0.29,0.61,0.9,1,0.38
120,Schade,MID,Brentford,7.0,13,0,1.86,5,1,0,1.72,0.29,2.01,6,4.99,1,30,0,2,1,0,0.71,0.05,0.76,2,2.2,3,0,0,1.01,0.24,1.25,4,2.79
160,Minteh,MID,Brighton,5.9,24,3,4.07,5,1,1,1.25,0.75,2.0,6,6.49,1,36,0,3,1,0,1.03,0.05,1.08,2,3.44,2,0,1,0.22,0.7,0.92,4,3.05
452,Amad,MID,Manchester Utd,6.3,11,0,1.75,5,0,1,1.25,0.74,1.99,6,5.32,0,37,0,3,0,1,1.04,0.15,1.19,3,1.9,2,0,0,0.21,0.59,0.8,3,3.42
661,Ekitiké,FWD,Liverpool,8.7,32,7,3.68,5,3,1,1.77,0.2,1.97,3,3.45,2,23,0,3,2,1,1.46,0.08,1.54,2,2.55,2,1,0,0.31,0.12,0.43,1,0.9
381,M.Salah,MID,Liverpool,14.5,30,2,2.07,5,2,2,1.22,0.69,1.91,5,3.95,2,21,0,3,1,1,0.43,0.33,0.76,3,2.89,2,1,1,0.79,0.36,1.15,2,1.06
597,Richarlison,FWD,Tottenham,6.7,29,6,4.33,5,3,1,1.64,0.18,1.82,3,5.17,2,20,0,2,2,0,0.78,0.02,0.8,1,2.48,3,1,1,0.86,0.16,1.02,2,2.69
612,L.Paquetá,MID,West Ham,5.9,24,2,4.07,5,2,0,1.46,0.31,1.77,13,7.24,1,41,0,3,1,0,0.35,0.18,0.53,10,5.83,2,1,0,1.11,0.13,1.24,3,1.41
299,Ndiaye,MID,Everton,6.5,28,0,4.31,5,2,1,1.31,0.42,1.73,5,6.1,2,51,0,2,1,0,0.75,0.19,0.94,0,2.02,3,1,1,0.56,0.23,0.79,5,4.08
249,João Pedro,FWD,Chelsea,7.8,35,8,4.49,5,2,3,1.5,0.2,1.7,4,4.9,2,22,0,2,1,0,0.94,0.04,0.98,0,1.62,3,1,3,0.56,0.16,0.72,4,3.28
7,Calafiori,DEF,Arsenal,5.7,35,3,6.14,5,1,2,1.57,0.09,1.66,2,2.55,3,20,0,3,0,2,0.53,0.07,0.6,1,1.16,2,1,0,1.04,0.02,1.06,1,1.39
582,Kudus,MID,Tottenham,6.6,25,1,3.79,5,0,4,0.64,1.02,1.66,3,6.0,3,29,0,2,0,2,0.06,0.66,0.72,1,2.53,3,0,2,0.58,0.36,0.94,2,3.47
242,Dewsbury-Hall,MID,Everton,5.0,19,3,3.8,5,1,1,0.31,1.33,1.64,5,7.05,2,28,0,2,0,0,0.06,0.43,0.49,0,2.97,3,1,1,0.25,0.9,1.15,5,4.08
384,Gakpo,MID,Liverpool,7.7,25,2,3.25,5,1,2,0.6,0.94,1.54,5,3.91,2,30,0,3,1,0,0.33,0.55,0.88,3,2.85,2,0,2,0.27,0.39,0.66,2,1.06
136,Thiago,FWD,Brentford,6.0,17,1,2.83,5,2,0,1.35,0.16,1.51,9,6.37,1,23,0,2,0,0,0.22,0.04,0.26,1,1.96,3,2,0,1.13,0.12,1.25,8,4.41
256,Muñoz,DEF,Crystal Palace,5.6,26,1,4.64,5,0,1,0.36,1.14,1.5,2,4.68,3,27,0,2,0,1,0.12,0.54,0.66,1,1.29,3,0,0,0.24,0.6,0.84,1,3.39
236,Neto,MID,Chelsea,7.0,16,0,2.29,5,1,0,0.53,0.91,1.44,3,3.22,2,19,0,2,0,0,0.03,0.53,0.56,0,1.01,3,1,0,0.5,0.38,0.88,3,2.21
332,Lukić,MID,Fulham,5.0,13,0,2.6,5,0,1,0.59,0.82,1.41,5,6.8,1,39,0,3,0,1,0.59,0.7,1.29,2,2.97,2,0,0,0.0,0.12,0.12,3,3.83
84,Tavernier,MID,Bournemouth,5.5,23,3,4.18,5,1,0,0.92,0.46,1.38,5,3.5,3,44,0,3,1,0,0.29,0.35,0.64,1,1.17,2,0,0,0.63,0.11,0.74,4,2.33
164,O'Riley,MID,Brighton,5.5,12,2,2.18,2,1,0,1.21,0.17,1.38,2,2.12,1,9,0,1,1,0,0.79,0.14,0.93,0,0.52,1,0,0,0.42,0.03,0.45,2,1.6
8,J.Timber,DEF,Arsenal,5.8,35,5,6.03,5,2,1,1.2,0.17,1.37,2,2.2,2,30,0,3,2,1,1.11,0.12,1.23,1,1.02,2,0,0,0.09,0.05,0.14,1,1.18
489,J.Murphy,MID,Newcastle Utd,6.3,13,0,2.06,4,0,1,0.98,0.35,1.33,0,1.58,3,7,0,1,0,1,0.82,0.28,1.1,0,0.5,3,0,0,0.16,0.07,0.23,0,1.08
226,Chalobah,DEF,Chelsea,5.1,38,2,7.45,5,2,1,0.75,0.55,1.3,5,5.24,2,51,0,2,0,1,0.21,0.24,0.45,0,1.68,3,2,0,0.54,0.31,0.85,5,3.56
418,Doku,MID,Manchester City,6.4,18,1,2.81,5,0,2,0.25,1.05,1.3,1,3.01,3,15,0,2,0,2,0.0,1.0,1.0,0,0.63,3,0,0,0.25,0.05,0.3,1,2.38
64,Watkins,FWD,Aston Villa,8.8,10,0,1.14,5,0,0,1.13,0.17,1.3,5,7.96,2,14,0,2,0,0,0.76,0.05,0.81,3,4.1,3,0,0,0.37,0.12,0.49,2,3.86
515,Gibbs-White,MID,Nott'ham Forest,7.5,13,0,1.73,5,0,1,0.76,0.52,1.28,8,7.62,0,21,0,2,0,1,0.53,0.36,0.89,4,3.92,3,0,0,0.23,0.16,0.39,4,3.7
413,Marmoush,MID,Manchester City,8.3,9,2,1.08,3,0,1,0.82,0.45,1.27,3,1.9,0,13,0,1,0,0,0.65,0.01,0.66,2,0.62,2,0,1,0.17,0.44,0.61,1,1.28
162,Gruda,MID,Brighton,5.4,13,2,2.41,5,1,0,1.24,0.02,1.26,2,1.96,0,12,0,3,1,0,1.18,0.01,1.19,2,1.32,2,0,0,0.06,0.01,0.07,0,0.64
382,Wirtz,MID,Liverpool,8.2,10,0,1.22,5,0,0,0.52,0.73,1.24,3,3.05,2,24,0,3,0,0,0.32,0.37,0.69,2,2.14,2,0,0,0.2,0.36,0.55,1,0.91
517,Anderson,MID,Nott'ham Forest,5.5,18,1,3.27,5,0,1,0.45,0.72,1.17,9,7.71,0,63,0,2,0,1,0.41,0.41,0.82,4,3.92,3,0,0,0.04,0.31,0.35,5,3.79
97,Evanilson,FWD,Bournemouth,7.0,18,2,2.57,5,1,1,1.03,0.14,1.17,5,3.5,3,23,0,3,0,1,0.24,0.08,0.32,1,1.17,2,1,0,0.79,0.06,0.85,4,2.33
487,Barnes,MID,Newcastle Utd,6.5,10,0,1.54,5,0,0,0.37,0.8,1.17,2,1.14,2,13,0,2,0,0,0.11,0.45,0.56,2,0.74,3,0,0,0.26,0.35,0.61,0,0.4
660,Stach,MID,Leeds United,5.0,29,3,5.8,5,1,2,0.61,0.55,1.16,7,6.52,2,43,0,2,0,1,0.45,0.31,0.76,0,1.01,3,1,1,0.16,0.24,0.4,7,5.51
317,Andersen,DEF,Fulham,4.5,23,2,5.11,5,0,0,0.43,0.73,1.16,5,6.85,1,56,0,3,0,0,0.22,0.7,0.92,2,3.02,2,0,0,0.21,0.03,0.24,3,3.83
416,Bernardo,MID,Manchester City,6.4,13,0,2.03,5,0,1,0.1,1.06,1.16,2,4.29,2,35,0,2,0,1,0.1,0.57,0.67,0,1.91,3,0,0,0.0,0.49,0.49,2,2.38
712,Yeremy,MID,Crystal Palace,6.0,5,0,0.83,3,0,0,0.85,0.31,1.16,0,0.86,1,11,0,1,0,0,0.73,0.03,0.76,0,0.36,2,0,0,0.12,0.28,0.4,0,0.5
18,Madueke,MID,Arsenal,7.0,10,0,1.43,5,0,0,0.29,0.86,1.15,2,2.04,2,14,0,3,0,0,0.15,0.81,0.96,1,0.82,2,0,0,0.14,0.05,0.19,1,1.22
266,Eze,MID,Arsenal,7.5,14,0,1.87,4,0,2,0.44,0.7,1.14,1,1.91,2,14,0,2,0,2,0.2,0.67,0.87,0,0.44,2,0,0,0.24,0.03,0.27,1,1.47
671,Wilson,FWD,West Ham,5.9,11,2,1.86,5,1,0,1.09,0.04,1.13,5,3.66,0,6,0,3,0,0,0.03,0.04,0.07,3,3.39,2,1,0,1.06,0.0,1.06,2,0.27
624,Bowen,FWD,West Ham,7.7,24,6,3.12,5,2,0,0.67,0.45,1.12,13,7.75,1,29,0,3,1,0,0.45,0.36,0.81,10,6.34,2,1,0,0.22,0.09,0.31,3,1.41
324,Iwobi,MID,Fulham,6.5,26,5,4.0,5,1,2,0.29,0.8,1.09,5,6.27,1,24,0,3,1,2,0.25,0.47,0.72,2,2.91,2,0,0,0.04,0.33,0.37,3,3.36
485,Gordon,MID,Newcastle Utd,7.4,1,0,0.14,2,0,0,1.03,0.05,1.08,3,0.27,1,7,0,1,0,0,0.48,0.02,0.5,3,0.07,1,0,0,0.55,0.03,0.58,0,0.2
450,Cunha,MID,Manchester Utd,8.0,6,0,0.75,4,0,0,0.82,0.25,1.07,3,3.37,0,12,0,3,0,0,0.43,0.23,0.66,2,1.61,1,0,0,0.39,0.02,0.41,1,1.76
580,Johnson,MID,Tottenham,7.0,20,2,2.86,5,2,0,0.9,0.15,1.05,1,3.93,2,15,0,2,1,0,0.5,0.07,0.57,1,2.22,3,1,0,0.4,0.08,0.48,0,1.71
457,Casemiro,MID,Manchester Utd,5.5,11,0,2.0,5,1,1,0.97,0.07,1.04,4,3.41,0,23,0,3,1,1,0.48,0.05,0.53,4,2.33,2,0,0,0.49,0.02,0.51,0,1.08
614,Ward-Prowse,MID,West Ham,5.8,11,0,1.9,5,0,0,0.13,0.91,1.04,11,7.27,1,22,0,3,0,0,0.13,0.78,0.91,10,5.97,2,0,0,0.0,0.13,0.13,1,1.3
427,Reijnders,MID,Manchester City,5.6,26,2,4.64,5,1,2,0.67,0.36,1.03,5,6.44,2,32,0,2,0,0,0.39,0.06,0.45,2,2.62,3,1,2,0.28,0.3,0.58,3,3.82
157,Mitoma,MID,Brighton,6.4,18,0,2.81,5,1,1,0.76,0.27,1.03,7,6.61,1,19,0,3,0,1,0.24,0.15,0.39,3,3.56,2,1,0,0.52,0.12,0.64,4,3.05
560,Isidor,FWD,Sunderland,5.5,25,6,4.55,5,3,0,1.01,0.0,1.01,3,3.26,1,10,0,3,3,0,0.9,0.0,0.9,2,0.93,2,0,0,0.11,0.0,0.11,1,2.33
21,Rice,MID,Arsenal,6.5,20,1,3.08,5,0,2,0.15,0.84,0.99,2,2.72,2,32,0,3,0,1,0.0,0.73,0.73,1,1.16,2,0,1,0.15,0.11,0.26,1,1.56
83,O.Dango,MID,Brentford,6.0,17,3,2.83,4,1,0,0.97,0.02,0.99,3,3.13,1,23,0,2,1,0,0.77,0.02,0.79,1,1.59,2,0,0,0.2,0.0,0.2,2,1.54
365,Nmecha,FWD,Leeds United,5.0,10,0,2.0,5,1,0,0.95,0.03,0.98,2,2.45,1,13,0,2,1,0,0.95,0.03,0.98,0,0.67,3,0,0,0.0,0.0,0.0,2,1.78
350,Aaronson,MID,Leeds United,5.4,10,0,1.85,5,0,0,0.18,0.78,0.96,2,3.48,1,28,0,2,0,0,0.0,0.23,0.23,0,0.54,3,0,0,0.18,0.55,0.73,2,2.94
568,Pedro Porro,DEF,Tottenham,5.6,22,0,3.93,5,0,0,0.11,0.84,0.95,3,5.97,3,34,0,2,0,0,0.03,0.28,0.31,1,2.5,3,0,0,0.08,0.56,0.64,2,3.47
302,Gana,MID,Everton,5.4,20,1,3.7,5,1,0,0.72,0.21,0.93,4,6.59,2,43,0,2,0,0,0.1,0.04,0.14,0,2.97,3,1,0,0.62,0.17,0.79,4,3.62
271,Kamada,MID,Crystal Palace,5.0,11,0,2.2,3,0,1,0.32,0.61,0.93,1,2.15,2,17,0,1,0,0,0.07,0.22,0.29,0,0.36,2,0,1,0.25,0.39,0.64,1,1.79
235,Palmer,MID,Chelsea,10.4,11,1,1.06,3,1,0,0.8,0.12,0.92,2,2.54,1,7,0,1,0,0,0.17,0.03,0.2,0,0.66,2,1,0,0.63,0.09,0.72,2,1.88
547,E.Le Fée,MID,Sunderland,4.9,15,2,3.06,4,1,0,0.83,0.08,0.91,3,2.55,0,31,0,3,1,0,0.79,0.03,0.82,2,1.89,1,0,0,0.04,0.05,0.09,1,0.66
709,Krejčí,DEF,Wolves,4.5,8,0,1.78,2,1,0,0.68,0.2,0.88,4,2.03,0,12,0,1,1,0,0.68,0.04,0.72,3,0.48,1,0,0,0.0,0.16,0.16,1,1.55
338,Muniz,FWD,Fulham,5.5,15,3,2.73,5,1,1,0.86,0.01,0.87,4,5.45,1,17,0,3,0,1,0.67,0.01,0.68,2,2.83,2,1,0,0.19,0.0,0.19,2,2.62
50,Buendía,MID,Aston Villa,5.3,5,0,0.94,4,0,0,0.43,0.44,0.87,2,3.13,1,25,0,1,0,0,0.01,0.12,0.13,2,0.95,3,0,0,0.42,0.32,0.74,0,2.18
170,Milner,MID,Brighton,5.0,9,0,1.8,4,1,0,0.79,0.06,0.85,4,1.92,0,12,0,3,1,0,0.79,0.04,0.83,2,0.72,1,0,0,0.0,0.02,0.02,2,1.2
553,Talbi,MID,Sunderland,5.0,16,0,3.2,5,0,1,0.59,0.25,0.84,2,4.06,3,22,0,3,0,1,0.15,0.08,0.23,1,1.95,2,0,0,0.44,0.17,0.61,1,2.11
325,Smith Rowe,MID,Fulham,5.9,10,0,1.69,5,1,0,0.79,0.05,0.84,0,0.76,0,3,0,3,1,0,0.7,0.02,0.72,0,0.24,2,0,0,0.09,0.03,0.12,0,0.52
217,Foster,FWD,Burnley,5.0,18,2,3.6,5,1,1,0.75,0.08,0.83,7,8.87,2,28,0,3,0,1,0.02,0.04,0.06,1,3.15,2,1,0,0.73,0.04,0.77,6,5.72
603,Diouf,DEF,West Ham,4.4,18,1,4.09,5,0,3,0.17,0.65,0.82,13,7.75,1,30,0,3,0,2,0.01,0.46,0.47,10,6.34,2,0,1,0.16,0.19,0.35,3,1.41
424,Bobb,MID,Manchester City,5.5,11,0,2.0,4,0,1,0.3,0.51,0.81,4,3.7,1,16,0,2,0,0,0.0,0.26,0.26,2,0.84,2,0,1,0.3,0.25,0.55,2,2.86
121,Damsgaard,MID,Brentford,5.9,15,1,2.54,3,1,0,0.25,0.55,0.8,5,3.74,1,20,0,1,0,0,0.06,0.24,0.3,0,1.19,2,1,0,0.19,0.31,0.5,5,2.55
635,R.Gomes,DEF,Wolves,4.5,10,0,2.22,4,1,0,0.66,0.14,0.8,5,2.22,0,13,0,3,1,0,0.4,0.14,0.54,4,0.84,1,0,0,0.26,0.0,0.26,1,1.38
441,Dorgu,DEF,Manchester Utd,4.5,9,0,2.0,4,0,1,0.24,0.55,0.79,6,6.02,0,22,0,2,0,1,0.04,0.41,0.45,2,1.74,2,0,0,0.2,0.14,0.34,4,4.28
516,Hudson-Odoi,MID,Nott'ham Forest,6.0,16,3,2.67,5,1,0,0.38,0.39,0.77,6,6.15,0,8,0,2,0,0,0.06,0.33,0.39,3,2.96,3,1,0,0.32,0.06,0.38,3,3.19
436,De Ligt,DEF,Manchester Utd,5.0,15,3,3.0,5,0,0,0.31,0.45,0.76,8,7.22,0,43,0,3,0,0,0.31,0.44,0.75,4,2.94,2,0,0,0.0,0.01,0.01,4,4.28
123,Carvalho,MID,Brentford,4.9,11,1,2.24,4,1,0,0.7,0.03,0.73,4,2.08,0,8,0,1,1,0,0.67,0.0,0.67,0,0.09,3,0,0,0.03,0.03,0.06,4,1.99
335,King,MID,Fulham,4.5,8,0,1.78,5,0,0,0.48,0.25,0.73,5,5.99,0,25,0,3,0,0,0.26,0.04,0.3,2,2.69,2,0,0,0.22,0.21,0.43,3,3.3
491,Tonali,MID,Newcastle Utd,5.4,14,0,2.59,5,0,0,0.29,0.43,0.72,2,2.28,4,33,0,2,0,0,0.23,0.03,0.26,2,0.83,3,0,0,0.06,0.4,0.46,0,1.45
47,Rogers,MID,Aston Villa,6.9,12,0,1.74,5,0,0,0.22,0.5,0.72,5,8.44,2,23,0,2,0,0,0.04,0.09,0.13,3,4.1,3,0,0,0.18,0.41,0.59,2,4.34
575,Van de Ven,DEF,Tottenham,4.7,28,2,5.96,5,1,0,0.68,0.03,0.71,3,6.0,3,27,0,2,0,0,0.59,0.02,0.61,1,2.53,3,1,0,0.09,0.01,0.1,2,3.47
329,Wilson,MID,Fulham,5.4,17,2,3.15,5,1,1,0.48,0.23,0.71,2,3.04,0,17,0,3,1,0,0.38,0.2,0.58,1,1.4,2,0,1,0.1,0.03,0.13,1,1.64
273,Wharton,MID,Crystal Palace,5.0,13,2,2.6,4,0,1,0.04,0.66,0.7,2,3.53,1,25,0,1,0,0,0.0,0.09,0.09,1,0.66,3,0,1,0.04,0.57,0.61,1,2.87
486,Elanga,MID,Newcastle Utd,6.9,8,0,1.16,5,0,0,0.57,0.13,0.7,3,1.16,1,8,0,2,0,0,0.0,0.06,0.06,3,0.79,3,0,0,0.57,0.07,0.64,0,0.37
466,Zirkzee,FWD,Manchester Utd,5.9,2,0,0.34,2,0,0,0.67,0.03,0.7,2,1.38,0,4,0,1,0,0,0.67,0.03,0.7,2,1.2,1,0,0,0.0,0.0,0.0,0,0.18
224,Cucurella,DEF,Chelsea,6.2,20,2,3.23,5,0,1,0.22,0.47,0.69,4,4.29,2,27,0,2,0,0,0.11,0.13,0.24,0,1.68,3,0,1,0.11,0.34,0.45,4,2.61
410,Lewis,DEF,Manchester City,5.0,13,2,2.6,3,0,1,0.02,0.67,0.69,3,2.57,1,12,0,1,0,0,0.02,0.08,0.1,2,1.11,2,0,1,0.0,0.59,0.59,1,1.46
669,Ndoye,MID,Nott'ham Forest,6.1,21,4,3.44,5,1,1,0.1,0.57,0.67,6,5.59,0,25,0,2,1,0,0.1,0.01,0.11,1,1.97,3,0,1,0.0,0.56,0.56,5,3.62
270,Hughes,MID,Crystal Palace,4.9,10,0,2.04,5,0,0,0.15,0.51,0.66,2,3.81,3,38,0,2,0,0,0.15,0.48,0.63,1,1.29,3,0,0,0.0,0.03,0.03,1,2.52
654,Strand Larsen,FWD,Wolves,6.4,5,0,0.78,3,0,0,0.52,0.14,0.66,5,3.48,0,7,0,2,0,0,0.42,0.13,0.55,4,2.35,1,0,0,0.1,0.01,0.11,1,1.13
241,Caicedo,MID,Chelsea,5.6,33,4,5.89,5,2,0,0.44,0.2,0.64,5,5.68,2,74,0,2,0,0,0.1,0.07,0.17,0,1.68,3,2,0,0.34,0.13,0.47,5,4.0
205,Cullen,MID,Burnley,5.0,27,3,5.4,5,1,1,0.08,0.56,0.64,7,9.03,2,54,0,3,1,1,0.08,0.23,0.31,1,3.08,2,0,0,0.0,0.33,0.33,6,5.95
631,Agbadou,DEF,Wolves,4.5,12,0,2.67,5,0,0,0.38,0.26,0.64,12,7.72,0,52,0,3,0,0,0.28,0.13,0.41,10,4.88,2,0,0,0.1,0.13,0.23,2,2.84
81,Kluivert,MID,Bournemouth,7.0,4,0,0.57,4,0,0,0.31,0.33,0.64,0,0.18,0,6,0,3,0,0,0.31,0.33,0.64,0,0.11,1,0,0,0.0,0.0,0.0,0,0.07
166,Ayari,MID,Brighton,4.9,16,2,3.27,5,1,0,0.39,0.24,0.63,7,4.8,0,39,0,3,1,0,0.24,0.15,0.39,3,2.15,2,0,0,0.15,0.09,0.24,4,2.65
387,Szoboszlai,MID,Liverpool,6.5,21,3,3.23,5,1,0,0.41,0.22,0.63,5,3.95,2,53,0,3,1,0,0.2,0.14,0.34,3,2.89,2,0,0,0.21,0.08,0.29,2,1.06
330,Berge,MID,Fulham,5.0,12,0,2.4,5,0,0,0.41,0.22,0.63,5,6.42,1,40,0,3,0,0,0.0,0.2,0.2,2,3.02,2,0,0,0.41,0.02,0.43,3,3.4
440,Dalot,DEF,Manchester Utd,4.4,6,0,1.36,3,0,1,0.01,0.62,0.63,4,3.09,0,12,0,2,0,1,0.0,0.61,0.61,3,2.23,1,0,0,0.01,0.01,0.02,1,0.86
16,Saka,MID,Arsenal,9.8,10,0,1.02,3,1,0,0.3,0.33,0.63,0,2.03,1,12,0,2,1,0,0.15,0.24,0.39,0,0.51,1,0,0,0.15,0.09,0.24,0,1.52
258,Mitchell,DEF,Crystal Palace,5.0,30,2,6.0,5,1,0,0.28,0.34,0.62,2,4.68,3,38,0,2,0,0,0.0,0.22,0.22,1,1.29,3,1,0,0.28,0.12,0.4,1,3.39
303,Garner,MID,Everton,5.0,25,3,5.0,5,1,0,0.19,0.43,0.62,5,7.05,2,64,0,2,1,0,0.12,0.38,0.5,0,2.97,3,0,0,0.07,0.05,0.12,5,4.08
455,Mount,MID,Manchester Utd,5.9,7,0,1.19,4,0,0,0.18,0.44,0.62,2,2.66,1,14,0,3,0,0,0.18,0.25,0.43,2,1.6,1,0,0,0.0,0.19,0.19,0,1.06
390,Gravenberch,MID,Liverpool,5.6,27,4,4.82,4,2,1,0.29,0.32,0.61,3,2.25,2,37,0,2,1,1,0.15,0.2,0.35,1,1.19,2,1,0,0.14,0.12,0.26,2,1.06
295,Keane,DEF,Everton,4.5,20,0,4.44,5,0,0,0.55,0.06,0.61,5,7.05,2,47,0,2,0,0,0.55,0.05,0.6,0,2.97,3,0,0,0.0,0.01,0.01,5,4.08
648,Munetsi,MID,Wolves,5.5,10,0,1.82,5,0,1,0.52,0.09,0.61,8,5.96,0,16,0,3,0,1,0.46,0.08,0.54,7,4.47,2,0,0,0.06,0.01,0.07,1,1.49
645,Fer López,MID,Wolves,5.4,6,0,1.11,4,0,1,0.11,0.5,0.61,4,1.01,0,4,0,3,0,1,0.11,0.43,0.54,4,0.84,1,0,0,0.0,0.07,0.07,0,0.17
353,James,MID,Leeds United,5.3,7,0,1.32,4,0,0,0.43,0.17,0.6,4,3.22,1,9,0,2,0,0,0.36,0.17,0.53,0,0.67,2,0,0,0.07,0.0,0.07,4,2.55
36,Cash,DEF,Aston Villa,4.6,25,2,5.43,5,1,0,0.06,0.53,0.59,4,7.54,2,29,0,2,0,0,0.01,0.11,0.12,2,3.2,3,1,0,0.05,0.42,0.47,2,4.34
374,Konaté,DEF,Liverpool,5.5,20,3,3.64,5,0,0,0.53,0.06,0.59,5,3.86,2,36,0,3,0,0,0.04,0.0,0.04,3,2.8,2,0,0,0.49,0.06,0.55,2,1.06
642,Hee Chan,MID,Wolves,5.9,11,0,1.86,4,1,0,0.56,0.03,0.59,4,3.57,0,4,0,2,1,0,0.42,0.02,0.44,3,2.03,2,0,0,0.14,0.01,0.15,1,1.54
633,H.Bueno,DEF,Wolves,4.4,7,0,1.59,5,0,0,0.06,0.53,0.59,5,4.27,0,25,0,3,0,0,0.0,0.32,0.32,4,2.15,2,0,0,0.06,0.21,0.27,1,2.12
225,James,DEF,Chelsea,5.4,12,0,2.22,5,0,1,0.08,0.5,0.58,3,4.44,1,18,0,2,0,0,0.04,0.19,0.23,0,1.29,3,0,1,0.04,0.31,0.35,3,3.15
544,Diarra,MID,Sunderland,5.5,12,0,2.18,4,0,1,0.5,0.08,0.58,2,3.87,2,15,0,2,0,1,0.48,0.03,0.51,1,1.76,2,0,0,0.02,0.05,0.07,1,2.11
593,P.M.Sarr,MID,Tottenham,5.0,19,0,3.8,4,1,1,0.31,0.26,0.57,1,4.68,3,32,0,2,0,1,0.0,0.22,0.22,1,2.53,2,1,0,0.31,0.04,0.35,0,2.15
20,Trossard,MID,Arsenal,6.9,7,0,1.01,3,0,1,0.21,0.36,0.57,1,0.99,0,4,0,3,0,1,0.21,0.36,0.57,1,0.99,0,0,0,0.0,0.0,0.0,0,0.0
691,Calvert-Lewin,FWD,Leeds United,5.5,14,2,2.55,3,1,1,0.49,0.07,0.56,1,1.96,1,7,0,1,0,0,0.07,0.0,0.07,0,0.07,2,1,1,0.42,0.07,0.49,1,1.89
54,McGinn,MID,Aston Villa,5.4,12,0,2.22,5,0,0,0.11,0.44,0.55,4,7.34,2,30,0,2,0,0,0.0,0.21,0.21,2,3.1,3,0,0,0.11,0.23,0.34,2,4.24
588,Odobert,MID,Tottenham,5.3,6,0,1.13,5,0,0,0.41,0.14,0.55,2,1.46,0,10,0,2,0,0,0.05,0.03,0.08,0,0.3,3,0,0,0.36,0.11,0.47,2,1.16
646,Gomes,MID,Wolves,5.4,12,0,2.22,5,0,0,0.24,0.29,0.53,12,7.72,0,57,0,3,0,0,0.24,0.18,0.42,10,4.88,2,0,0,0.0,0.11,0.11,2,2.84
417,Cherki,MID,Manchester City,6.3,7,0,1.11,2,1,0,0.06,0.47,0.53,2,0.83,0,9,0,1,0,0,0.0,0.44,0.44,2,0.62,1,1,0,0.06,0.03,0.09,0,0.21
347,Gudmundsson,DEF,Leeds United,4.0,21,6,5.25,5,0,0,0.17,0.35,0.52,7,6.49,2,35,0,2,0,0,0.17,0.17,0.34,0,0.98,3,0,0,0.0,0.18,0.18,7,5.51
668,Xhaka,MID,Sunderland,5.0,20,0,4.0,5,0,2,0.12,0.4,0.52,4,5.24,2,56,0,3,0,2,0.07,0.23,0.3,2,2.47,2,0,0,0.05,0.17,0.22,2,2.77
414,Foden,MID,Manchester City,8.0,16,2,2.0,3,1,0,0.46,0.06,0.52,0,2.59,2,24,0,2,1,0,0.46,0.05,0.51,0,1.87,1,0,0,0.0,0.01,0.01,0,0.72
402,Aït-Nouri,DEF,Manchester City,5.9,10,1,1.69,3,0,0,0.04,0.48,0.52,2,2.94,1,23,0,1,0,0,0.0,0.0,0.0,0,0.08,2,0,0,0.04,0.48,0.52,2,2.86
681,Šeško,FWD,Manchester Utd,7.3,6,0,0.82,5,0,0,0.41,0.11,0.52,4,3.49,0,4,0,3,0,0,0.38,0.07,0.45,0,0.29,2,0,0,0.03,0.04,0.07,4,3.2
192,Hartman,DEF,Burnley,4.0,14,0,3.5,5,0,0,0.11,0.4,0.51,8,10.27,1,45,0,3,0,0,0.02,0.36,0.38,2,4.32,2,0,0,0.09,0.04,0.13,6,5.95
372,Robertson,DEF,Liverpool,5.9,1,0,0.17,2,0,0,0.1,0.41,0.51,2,0.9,0,2,0,1,0,0,0.0,0.04,0.04,2,0.89,1,0,0,0.1,0.37,0.47,0,0.01
322,Tete,DEF,Fulham,4.5,15,0,3.33,5,0,0,0.07,0.43,0.5,5,6.85,1,36,0,3,0,0,0.0,0.41,0.41,2,3.02,2,0,0,0.07,0.02,0.09,3,3.83
48,Tielemans,MID,Aston Villa,5.9,8,0,1.36,4,0,0,0.13,0.37,0.5,4,6.48,1,21,0,2,0,0,0.09,0.06,0.15,3,4.1,2,0,0,0.04,0.31,0.35,1,2.38
108,Ajer,DEF,Brentford,4.4,6,0,1.36,3,0,1,0.09,0.41,0.5,1,0.26,0,3,0,2,0,1,0.04,0.41,0.45,1,0.26,1,0,0,0.05,0.0,0.05,0,0.0
272,Lerma,MID,Crystal Palace,4.9,6,0,1.22,5,0,0,0.47,0.02,0.49,0,1.59,1,18,0,2,0,0,0.03,0.01,0.04,0,0.61,3,0,0,0.44,0.01,0.45,0,0.98
17,Ødegaard,MID,Arsenal,7.9,8,0,1.01,4,0,0,0.14,0.35,0.49,1,1.94,1,17,0,2,0,0,0.05,0.05,0.1,0,0.17,2,0,0,0.09,0.3,0.39,1,1.77
310,Barry,FWD,Everton,5.8,6,0,1.03,5,0,0,0.46,0.02,0.48,1,2.35,1,3,0,2,0,0,0.46,0.02,0.48,0,1.48,3,0,0,0.0,0.0,0.0,1,0.87
488,Bruno G.,MID,Newcastle Utd,6.5,14,0,2.15,4,1,0,0.25,0.22,0.47,3,2.09,3,39,0,2,1,0,0.25,0.07,0.32,3,1.2,2,0,0,0.0,0.15,0.15,0,0.89
686,Ngumoha,MID,Liverpool,4.5,7,0,1.56,2,1,0,0.37,0.1,0.47,0,0.0,0,0,0,0,0,0,0.0,0.0,0.0,0,0.0,2,1,0,0.37,0.1,0.47,0,0.0
145,De Cuyper,DEF,Brighton,4.4,5,0,1.14,4,0,0,0.0,0.47,0.47,5,3.84,0,16,0,2,0,0,0.0,0.45,0.45,2,2.58,2,0,0,0.0,0.02,0.02,3,1.26
151,Van Hecke,DEF,Brighton,4.5,8,0,1.78,5,0,0,0.3,0.16,0.46,8,6.85,0,41,0,3,0,0,0.29,0.13,0.42,4,3.8,2,0,0,0.01,0.03,0.04,4,3.05
246,Andrey Santos,MID,Chelsea,4.5,4,0,0.89,4,0,0,0.41,0.04,0.45,1,2.1,0,14,0,2,0,0,0.31,0.01,0.32,0,0.73,2,0,0,0.1,0.03,0.13,1,1.37
319,Castagne,DEF,Fulham,4.4,3,0,0.68,3,0,0,0.38,0.07,0.45,3,4.11,0,6,0,1,0,0,0.3,0.04,0.34,1,1.52,2,0,0,0.08,0.03,0.11,2,2.59
257,Lacroix,DEF,Crystal Palace,5.1,30,2,5.88,5,0,1,0.3,0.14,0.44,2,4.68,3,49,0,2,0,0,0.1,0.02,0.12,1,1.29,3,0,1,0.2,0.12,0.32,1,3.39
683,Alderete,DEF,Sunderland,4.0,22,1,5.5,5,0,1,0.27,0.17,0.44,4,4.91,1,48,0,3,0,1,0.21,0.13,0.34,2,2.14,2,0,0,0.06,0.04,0.1,2,2.77
586,Bergvall,MID,Tottenham,5.4,20,0,3.7,5,1,1,0.3,0.14,0.44,2,3.16,2,27,0,2,0,0,0.18,0.02,0.2,0,1.24,3,1,1,0.12,0.12,0.24,2,1.92
328,Sessegnon,MID,Fulham,5.4,12,0,2.22,4,0,1,0.05,0.39,0.44,4,5.14,1,34,0,3,0,1,0.05,0.39,0.44,2,2.91,1,0,0,0.0,0.0,0.0,2,2.23
210,Tchaouna,MID,Burnley,4.9,10,0,2.04,5,0,1,0.29,0.15,0.44,2,3.56,1,11,0,3,0,0,0.16,0.14,0.3,1,2.08,2,0,1,0.13,0.01,0.14,1,1.48
677,Guessand,MID,Aston Villa,6.3,6,0,0.95,4,0,0,0.32,0.12,0.44,1,3.52,1,19,0,1,0,0,0.07,0.0,0.07,1,1.72,3,0,0,0.25,0.12,0.37,0,1.8
260,Guéhi,DEF,Crystal Palace,4.7,36,3,7.66,5,1,1,0.39,0.04,0.43,2,4.68,3,36,0,2,0,0,0.14,0.02,0.16,1,1.29,3,1,1,0.25,0.02,0.27,1,3.39
40,Mings,DEF,Aston Villa,4.5,22,1,4.89,5,0,0,0.33,0.09,0.42,5,8.44,2,39,0,2,0,0,0.0,0.02,0.02,3,4.1,3,0,0,0.33,0.07,0.4,2,4.34
90,Scott,MID,Bournemouth,5.0,19,2,3.8,5,1,0,0.22,0.2,0.42,3,2.94,3,36,0,3,1,0,0.17,0.07,0.24,1,1.12,2,0,0,0.05,0.13,0.18,2,1.82
673,J.Palhinha,MID,Tottenham,5.5,20,3,3.64,5,1,0,0.36,0.06,0.42,3,4.75,2,36,0,2,0,0,0.0,0.01,0.01,1,1.28,3,1,0,0.36,0.05,0.41,2,3.47
605,Kilman,DEF,West Ham,4.4,9,0,2.05,5,0,0,0.39,0.03,0.42,13,7.75,1,42,0,3,0,0,0.39,0.0,0.39,10,6.34,2,0,0,0.0,0.03,0.03,3,1.41
500,Osula,FWD,Newcastle Utd,5.5,10,0,1.82,5,1,0,0.4,0.02,0.42,1,1.28,1,6,0,2,1,0,0.13,0.0,0.13,1,0.46,3,0,0,0.27,0.02,0.29,0,0.82
625,Füllkrug,FWD,West Ham,5.7,6,0,1.05,4,0,0,0.29,0.13,0.42,7,3.39,1,4,0,2,0,0,0.0,0.05,0.05,4,2.17,2,0,0,0.29,0.08,0.37,3,1.22
717,Xavi,MID,Tottenham,7.1,7,0,0.99,2,0,1,0.28,0.14,0.42,0,1.02,1,4,0,0,0,0,0.0,0.0,0.0,0,0.0,2,0,1,0.28,0.14,0.42,0,1.02
293,O'Brien,DEF,Everton,5.0,16,0,3.2,5,0,0,0.29,0.11,0.4,5,7.05,2,23,0,2,0,0,0.05,0.07,0.12,0,2.97,3,0,0,0.24,0.04,0.28,5,4.08
53,Malen,MID,Aston Villa,5.2,6,0,1.15,5,0,0,0.31,0.09,0.4,4,3.25,0,5,0,2,0,0,0.21,0.02,0.23,3,2.39,3,0,0,0.1,0.07,0.17,1,0.86
337,Raúl,FWD,Fulham,6.3,6,0,0.95,5,0,0,0.4,0.0,0.4,1,1.4,0,7,0,3,0,0,0.0,0.0,0.0,0,0.19,2,0,0,0.4,0.0,0.4,1,1.21
74,Truffert,DEF,Bournemouth,4.5,24,4,5.33,5,0,0,0.01,0.38,0.39,5,3.62,3,28,0,3,0,0,0.0,0.15,0.15,1,1.22,2,0,0,0.01,0.23,0.24,4,2.4
561,Mayenda,FWD,Sunderland,5.5,13,2,2.36,4,1,0,0.39,0.0,0.39,1,1.88,2,6,0,3,1,0,0.09,0.0,0.09,0,1.54,1,0,0,0.3,0.0,0.3,1,0.34
202,Bruun Larsen,MID,Burnley,5.4,9,0,1.67,3,0,1,0.05,0.34,0.39,3,4.09,1,13,0,1,0,0,0.02,0.01,0.03,0,0.61,2,0,1,0.03,0.33,0.36,3,3.48
385,Chiesa,MID,Liverpool,6.4,9,0,1.41,4,1,0,0.36,0.03,0.39,1,0.26,0,2,0,2,1,0,0.28,0.0,0.28,0,0.09,2,0,0,0.08,0.03,0.11,1,0.17
26,Zubimendi,MID,Arsenal,5.4,27,3,5.0,5,2,0,0.26,0.12,0.38,2,3.3,3,34,0,3,2,0,0.23,0.09,0.32,1,1.26,2,0,0,0.03,0.03,0.06,1,2.04
694,Mukiele,DEF,Sunderland,4.0,18,2,4.5,3,0,0,0.14,0.23,0.37,2,3.68,1,42,0,2,0,0,0.14,0.18,0.32,2,1.91,1,0,0,0.0,0.05,0.05,0,1.77
531,Ballard,DEF,Sunderland,4.6,19,3,4.13,3,1,0,0.19,0.18,0.37,1,1.02,1,22,0,2,1,0,0.19,0.01,0.2,1,1.02,1,0,0,0.0,0.17,0.17,0,0.0
207,Hannibal,MID,Burnley,5.0,11,0,2.2,5,0,0,0.16,0.21,0.37,5,6.03,1,20,0,3,0,0,0.02,0.2,0.22,1,2.24,2,0,0,0.14,0.01,0.15,4,3.79
698,Okafor,MID,Leeds United,5.5,11,1,2.0,3,1,0,0.33,0.04,0.37,2,2.27,1,20,0,0,0,0,0.0,0.0,0.0,0,0.0,3,1,0,0.33,0.04,0.37,2,2.27
696,Kalimuendo,FWD,Nott'ham Forest,6.0,4,0,0.67,4,0,0,0.35,0.02,0.37,2,1.21,0,3,0,1,0,0,0.0,0.0,0.0,1,0.96,3,0,0,0.35,0.02,0.37,1,0.25
128,Onyeka,MID,Brentford,5.0,9,0,1.8,3,0,2,0.0,0.36,0.36,2,1.37,0,6,0,1,0,0,0.0,0.0,0.0,0,0.31,2,0,2,0.0,0.36,0.36,2,1.06
507,Aina,DEF,Nott'ham Forest,4.9,6,0,1.22,3,0,0,0.04,0.32,0.36,5,5.02,0,22,0,2,0,0,0.04,0.31,0.35,4,3.92,1,0,0,0.0,0.01,0.01,1,1.1
490,Joelinton,MID,Newcastle Utd,5.9,7,0,1.19,3,0,0,0.03,0.33,0.36,2,0.91,2,18,0,2,0,0,0.03,0.31,0.34,2,0.74,1,0,0,0.0,0.02,0.02,0,0.17
261,Richards,DEF,Crystal Palace,4.5,26,0,5.78,5,0,0,0.27,0.08,0.35,2,4.68,3,50,0,2,0,0,0.19,0.07,0.26,1,1.29,3,0,0,0.08,0.01,0.09,1,3.39
478,Trippier,DEF,Newcastle Utd,5.0,21,2,4.2,4,0,0,0.0,0.35,0.35,2,1.65,3,8,0,2,0,0,0.0,0.27,0.27,2,0.83,2,0,0,0.0,0.08,0.08,0,0.82
421,Rodrigo,MID,Manchester City,6.4,10,0,1.56,4,0,0,0.14,0.21,0.35,3,3.76,1,38,0,2,0,0,0.05,0.04,0.09,0,0.5,2,0,0,0.09,0.17,0.26,3,3.26
508,N.Williams,DEF,Nott'ham Forest,5.0,14,2,2.8,5,1,0,0.19,0.15,0.34,9,7.71,0,26,0,2,0,0,0.03,0.11,0.14,4,3.92,3,1,0,0.16,0.04,0.2,5,3.79
543,Adingra,MID,Sunderland,5.4,11,0,2.04,4,0,1,0.14,0.2,0.34,2,1.75,2,14,0,2,0,1,0.14,0.02,0.16,1,0.57,2,0,0,0.0,0.18,0.18,1,1.18
386,Mac Allister,MID,Liverpool,6.4,11,0,1.72,4,0,1,0.18,0.15,0.33,2,2.58,1,25,0,3,0,1,0.18,0.12,0.3,2,2.46,1,0,0,0.0,0.03,0.03,0,0.12
585,Bentancur,MID,Tottenham,5.4,8,0,1.48,4,0,0,0.0,0.33,0.33,3,4.08,1,31,0,2,0,0,0.0,0.02,0.02,1,1.63,2,0,0,0.0,0.31,0.31,2,2.45
243,George,MID,Chelsea,4.9,3,0,0.61,3,0,0,0.25,0.08,0.33,1,1.53,1,2,0,1,0,0,0.21,0.01,0.22,0,0.27,2,0,0,0.04,0.07,0.11,1,1.26
477,Livramento,DEF,Newcastle Utd,5.1,31,3,6.08,5,0,1,0.0,0.32,0.32,3,2.65,4,15,0,2,0,1,0.0,0.24,0.24,3,1.2,3,0,0,0.0,0.08,0.08,0,1.45
663,J.Arias,MID,Wolves,5.2,6,0,1.15,5,0,0,0.21,0.11,0.32,5,3.02,0,19,0,3,0,0,0.04,0.1,0.14,4,1.99,2,0,0,0.17,0.01,0.18,1,1.03
644,Bellegarde,MID,Wolves,5.4,6,0,1.11,5,0,0,0.13,0.19,0.32,7,3.74,0,12,0,3,0,0,0.07,0.16,0.23,6,2.82,2,0,0,0.06,0.03,0.09,1,0.92
362,Piroe,FWD,Leeds United,5.3,3,0,0.57,2,0,0,0.28,0.04,0.32,4,2.13,1,5,0,1,0,0,0.28,0.04,0.32,0,0.28,1,0,0,0.0,0.0,0.0,4,1.85
444,Yoro,DEF,Manchester Utd,4.5,13,1,2.89,5,0,1,0.27,0.04,0.31,7,6.0,0,26,0,3,0,0,0.09,0.03,0.12,4,2.81,2,0,1,0.18,0.01,0.19,3,3.19
606,Mavropanos,DEF,West Ham,4.4,12,0,2.73,3,0,0,0.28,0.03,0.31,5,4.33,1,28,0,2,0,0,0.22,0.02,0.24,5,3.6,1,0,0,0.06,0.01,0.07,0,0.73
552,Sadiki,MID,Sunderland,5.0,11,0,2.2,5,0,0,0.02,0.29,0.31,4,4.76,2,29,0,3,0,0,0.0,0.2,0.2,2,2.37,2,0,0,0.02,0.09,0.11,2,2.39
276,Devenny,MID,Crystal Palace,4.5,6,0,1.33,5,0,0,0.13,0.18,0.31,2,1.51,0,17,0,2,0,0,0.05,0.14,0.19,1,0.68,3,0,0,0.08,0.04,0.12,1,0.83
39,Maatsen,DEF,Aston Villa,4.4,2,0,0.45,3,0,0,0.11,0.2,0.31,4,3.08,0,12,0,1,0,0,0.09,0.12,0.21,3,2.29,2,0,0,0.02,0.08,0.1,1,0.79
573,Spence,DEF,Tottenham,4.5,19,0,4.22,5,0,0,0.18,0.12,0.3,1,4.68,3,14,0,2,0,0,0.18,0.09,0.27,1,2.53,3,0,0,0.0,0.03,0.03,0,2.15
5,Gabriel,DEF,Arsenal,6.1,25,1,4.1,5,0,0,0.26,0.04,0.3,2,3.3,3,35,0,3,0,0,0.24,0.03,0.27,1,1.26,2,0,0,0.02,0.01,0.03,1,2.04
37,Digne,DEF,Aston Villa,4.5,15,0,3.33,5,0,0,0.08,0.22,0.3,1,5.37,2,13,0,2,0,0,0.0,0.01,0.01,0,1.81,3,0,0,0.08,0.21,0.29,1,3.56
714,Woltemade,FWD,Newcastle Utd,7.1,11,3,1.55,2,1,0,0.27,0.03,0.3,0,0.84,2,8,0,1,1,0,0.27,0.01,0.28,0,0.41,1,0,0,0.0,0.02,0.02,0,0.43
72,Senesi,DEF,Bournemouth,4.8,37,5,7.71,5,0,1,0.14,0.15,0.29,5,3.62,3,66,0,3,0,0,0.0,0.07,0.07,1,1.22,2,0,1,0.14,0.08,0.22,4,2.4
532,Hume,DEF,Sunderland,4.5,19,0,4.22,5,0,0,0.07,0.22,0.29,4,5.24,2,35,0,3,0,0,0.04,0.14,0.18,2,2.47,2,0,0,0.03,0.08,0.11,2,2.77
405,Aké,DEF,Manchester City,5.4,3,0,0.56,3,0,0,0.14,0.15,0.29,3,1.35,0,7,0,2,0,0,0.14,0.12,0.26,2,1.12,1,0,0,0.0,0.03,0.03,1,0.23
373,Virgil,DEF,Liverpool,6.1,26,4,4.26,5,0,0,0.18,0.1,0.28,5,3.95,2,60,0,3,0,0,0.18,0.04,0.22,3,2.89,2,0,0,0.0,0.06,0.06,2,1.06
59,Onana,MID,Aston Villa,4.9,6,0,1.22,2,0,0,0.23,0.05,0.28,1,2.54,1,23,0,1,0,0,0.0,0.01,0.01,0,1.43,1,0,0,0.23,0.04,0.27,1,1.11
291,Tarkowski,DEF,Everton,5.5,26,0,4.73,5,0,0,0.2,0.07,0.27,5,7.05,2,61,0,2,0,0,0.0,0.04,0.04,0,2.97,3,0,0,0.2,0.03,0.23,5,4.08
129,Yarmoliuk,MID,Brentford,5.0,14,0,2.8,5,0,0,0.12,0.15,0.27,10,6.61,1,50,0,2,0,0,0.03,0.12,0.15,2,2.2,3,0,0,0.09,0.03,0.12,8,4.41
569,Romero,DEF,Tottenham,5.1,29,3,5.69,5,0,1,0.07,0.19,0.26,3,6.0,3,43,0,2,0,0,0.0,0.03,0.03,1,2.53,3,0,1,0.07,0.16,0.23,2,3.47
343,Struijk,DEF,Leeds United,4.5,20,2,4.44,5,0,0,0.23,0.03,0.26,7,6.52,2,40,0,2,0,0,0.13,0.02,0.15,0,1.01,3,0,0,0.1,0.01,0.11,7,5.51
209,Laurent,MID,Burnley,4.9,7,0,1.43,5,0,0,0.12,0.14,0.26,5,6.25,0,25,0,3,0,0,0.01,0.01,0.02,2,3.71,2,0,0,0.11,0.13,0.24,3,2.54
708,M.Fernandes,MID,West Ham,5.5,7,0,1.27,3,0,0,0.0,0.26,0.26,4,3.51,1,19,0,2,0,0,0.0,0.16,0.16,4,2.81,1,0,0,0.0,0.1,0.1,0,0.7
250,Delap,FWD,Chelsea,6.2,4,0,0.65,3,0,0,0.23,0.03,0.26,1,0.31,0,4,0,2,0,0,0.14,0.01,0.15,0,0.13,1,0,0,0.09,0.02,0.11,1,0.18
22,Merino,MID,Arsenal,5.9,8,0,1.36,4,0,0,0.13,0.12,0.25,1,1.52,2,23,0,2,0,0,0.13,0.1,0.23,1,0.75,2,0,0,0.0,0.02,0.02,0,0.77
720,Tolu,FWD,Wolves,5.5,4,0,0.73,2,0,0,0.22,0.03,0.25,4,1.83,0,8,0,1,0,0,0.22,0.03,0.25,3,0.48,1,0,0,0.0,0.0,0.0,1,1.35
113,Van den Berg,DEF,Brentford,4.5,16,0,3.56,5,0,0,0.21,0.03,0.24,10,6.85,1,50,0,2,0,0,0.0,0.0,0.0,2,2.44,3,0,0,0.21,0.03,0.24,8,4.41
85,Adams,MID,Bournemouth,5.0,14,0,2.8,5,0,0,0.1,0.14,0.24,4,3.46,3,62,0,3,0,0,0.07,0.03,0.1,1,1.17,2,0,0,0.03,0.11,0.14,3,2.29
351,Gnonto,MID,Leeds United,5.3,6,0,1.13,4,0,0,0.18,0.06,0.24,5,2.49,1,17,0,2,0,0,0.18,0.06,0.24,0,0.47,2,0,0,0.0,0.0,0.0,5,2.02
638,Hoever,DEF,Wolves,4.0,2,0,0.5,2,0,0,0.0,0.24,0.24,4,2.85,0,8,0,1,0,0,0.0,0.14,0.14,3,2.22,1,0,0,0.0,0.1,0.1,1,0.63
292,Mykolenko,DEF,Everton,4.9,2,0,0.41,2,0,0,0.0,0.24,0.24,4,2.01,0,13,0,0,0,0,0.0,0.0,0.0,0,0.0,2,0,0,0.0,0.24,0.24,4,2.01
300,McNeil,MID,Everton,5.7,1,0,0.18,1,0,0,0.24,0.0,0.24,0,0.95,0,0,0,1,0,0,0.24,0.0,0.24,0,0.95,0,0,0,0.0,0.0,0.0,0,0.0
146,Dunk,DEF,Brighton,4.5,13,0,2.89,5,0,1,0.21,0.02,0.23,8,6.85,0,42,0,3,0,1,0.21,0.01,0.22,4,3.8,2,0,0,0.0,0.01,0.01,4,3.05
158,Georginio,MID,Brighton,5.8,13,0,2.24,4,0,2,0.14,0.09,0.23,3,3.05,1,14,0,3,0,2,0.14,0.08,0.22,1,1.85,1,0,0,0.0,0.01,0.01,2,1.2
615,Summerville,MID,West Ham,5.5,11,0,2.0,3,0,2,0.0,0.23,0.23,4,2.85,0,12,0,2,0,0,0.0,0.21,0.21,4,2.81,1,0,2,0.0,0.02,0.02,0,0.04
126,Jensen,MID,Brentford,4.9,5,0,1.02,3,0,0,0.13,0.1,0.23,4,2.87,0,18,0,2,0,0,0.0,0.07,0.07,1,1.01,1,0,0,0.13,0.03,0.16,3,1.86
442,Maguire,DEF,Manchester Utd,4.4,14,2,3.18,4,0,1,0.21,0.01,0.22,1,1.43,1,8,0,2,0,1,0.11,0.01,0.12,0,0.34,2,0,0,0.1,0.0,0.1,1,1.09
239,Gittens,MID,Chelsea,6.2,4,0,0.65,4,0,0,0.11,0.11,0.22,1,2.22,0,6,0,2,0,0,0.1,0.07,0.17,0,1.27,2,0,0,0.01,0.04,0.05,1,0.95
389,Elliott,MID,Aston Villa,5.4,3,0,0.56,3,0,0,0.17,0.05,0.22,1,1.23,0,3,0,0,0,0,0.0,0.0,0.0,0,0.0,3,0,0,0.17,0.05,0.22,1,1.23
318,Bassey,DEF,Fulham,4.5,17,3,3.78,5,0,0,0.16,0.05,0.21,5,6.85,1,31,0,3,0,0,0.16,0.03,0.19,2,3.02,2,0,0,0.0,0.02,0.02,3,3.83
505,Milenković,DEF,Nott'ham Forest,5.5,8,0,1.45,5,0,0,0.05,0.16,0.21,9,7.71,0,32,0,2,0,0,0.05,0.01,0.06,4,3.92,3,0,0,0.0,0.15,0.15,5,3.79
25,Nwaneri,MID,Arsenal,5.3,5,0,0.94,3,0,0,0.17,0.04,0.21,0,0.2,1,9,0,3,0,0,0.17,0.04,0.21,0,0.2,0,0,0,0.0,0.0,0.0,0,0.0
506,Murillo,DEF,Nott'ham Forest,5.4,7,0,1.3,4,0,0,0.0,0.2,0.2,6,5.97,0,25,0,2,0,0,0.0,0.04,0.04,4,3.92,2,0,0,0.0,0.16,0.16,2,2.05
41,Pau,DEF,Aston Villa,4.4,3,0,0.68,2,0,0,0.07,0.13,0.2,2,2.11,0,4,0,1,0,0,0.0,0.0,0.0,1,0.9,1,0,0,0.07,0.13,0.2,1,1.21
693,Hutchinson,MID,Nott'ham Forest,5.5,2,0,0.36,2,0,0,0.2,0.0,0.2,1,0.96,0,1,0,1,0,0,0.0,0.0,0.0,1,0.96,1,0,0,0.2,0.0,0.2,0,0.0
596,Solanke,FWD,Tottenham,7.2,2,0,0.28,2,0,0,0.2,0.0,0.2,0,0.22,0,3,0,1,0,0,0.08,0.0,0.08,0,0.04,1,0,0,0.12,0.0,0.12,0,0.18
443,Shaw,DEF,Manchester Utd,4.5,8,0,1.78,5,0,0,0.08,0.11,0.19,8,6.98,0,23,0,3,0,0,0.08,0.05,0.13,4,2.73,2,0,0,0.0,0.06,0.06,4,4.25
19,Martinelli,MID,Arsenal,6.9,12,1,1.74,4,1,0,0.18,0.01,0.19,0,1.33,1,8,0,2,1,0,0.16,0.0,0.16,0,0.35,2,0,0,0.02,0.01,0.03,0,0.98
109,Henry,DEF,Brentford,4.4,3,0,0.68,5,0,0,0.13,0.06,0.19,6,3.51,0,8,0,2,0,0,0.1,0.0,0.1,1,0.59,3,0,0,0.03,0.06,0.09,5,2.92
375,Bradley,DEF,Liverpool,5.0,2,0,0.4,3,0,0,0.06,0.13,0.19,2,0.87,0,8,0,1,0,0,0.04,0.04,0.08,1,0.7,2,0,0,0.02,0.09,0.11,1,0.17
191,Estève,DEF,Burnley,4.0,16,0,4.0,5,0,0,0.17,0.01,0.18,8,10.16,1,49,0,3,0,0,0.12,0.01,0.13,2,4.21,2,0,0,0.05,0.0,0.05,6,5.95
342,Bogle,DEF,Leeds United,4.5,17,0,3.78,5,0,1,0.14,0.04,0.18,6,5.46,2,31,0,2,0,0,0.09,0.03,0.12,0,1.01,3,0,1,0.05,0.01,0.06,6,4.45
107,Lewis-Potter,DEF,Brentford,5.0,15,0,3.0,5,0,0,0.12,0.06,0.18,8,5.7,2,16,0,2,0,0,0.0,0.05,0.05,2,2.35,3,0,0,0.12,0.01,0.13,6,3.35
659,Walker-Peters,DEF,West Ham,4.4,9,0,2.05,4,0,0,0.14,0.04,0.18,5,4.64,1,14,0,3,0,0,0.14,0.03,0.17,5,3.91,1,0,0,0.0,0.01,0.01,0,0.73
721,Milosavljević,DEF,Bournemouth,4.5,4,0,0.89,1,0,0,0.0,0.18,0.18,1,0.62,0,11,0,1,0,0,0.0,0.18,0.18,1,0.62,0,0,0,0.0,0.0,0.0,0,0.0
458,Mainoo,MID,Manchester Utd,4.8,3,0,0.62,3,0,0,0.07,0.11,0.18,3,2.16,0,10,0,2,0,0,0.07,0.09,0.16,2,1.1,1,0,0,0.0,0.02,0.02,1,1.06
476,Burn,DEF,Newcastle Utd,5.0,32,2,6.4,5,0,0,0.05,0.12,0.17,3,2.65,4,45,0,2,0,0,0.05,0.07,0.12,3,1.2,3,0,0,0.0,0.05,0.05,0,1.45
110,Kayode,DEF,Brentford,4.5,15,2,3.33,5,0,0,0.0,0.17,0.17,9,6.61,1,32,0,2,0,0,0.0,0.01,0.01,1,2.2,3,0,0,0.0,0.16,0.16,8,4.41
106,Collins,DEF,Brentford,5.0,15,1,3.0,5,0,0,0.11,0.06,0.17,10,6.85,1,48,0,2,0,0,0.0,0.05,0.05,2,2.44,3,0,0,0.11,0.01,0.12,8,4.41
187,Walker,DEF,Burnley,4.5,11,0,2.44,5,0,0,0.01,0.16,0.17,8,10.27,1,32,0,3,0,0,0.0,0.04,0.04,2,4.32,2,0,0,0.01,0.12,0.13,6,5.95
613,Souček,MID,West Ham,5.7,4,0,0.7,4,0,0,0.17,0.0,0.17,10,3.66,1,27,0,2,0,0,0.1,0.0,0.1,8,2.85,2,0,0,0.07,0.0,0.07,2,0.81
574,Udogie,DEF,Tottenham,4.4,3,0,0.68,3,0,0,0.02,0.15,0.17,2,1.35,0,6,0,1,0,0,0.02,0.06,0.08,0,0.03,2,0,0,0.0,0.09,0.09,2,1.32
190,Ekdal,DEF,Burnley,4.0,19,1,4.75,5,0,0,0.15,0.01,0.16,7,9.21,1,51,0,3,0,0,0.15,0.01,0.16,2,4.32,2,0,0,0.0,0.0,0.0,5,4.89
6,Saliba,DEF,Arsenal,6.0,18,1,3.0,4,0,0,0.13,0.03,0.16,1,2.58,2,31,0,2,0,0,0.13,0.03,0.16,1,1.06,2,0,0,0.0,0.0,0.0,0,1.52
58,Kamara,MID,Aston Villa,4.9,9,1,1.84,3,0,1,0.05,0.11,0.16,2,3.31,1,20,0,1,0,0,0.05,0.03,0.08,0,1.43,2,0,1,0.0,0.08,0.08,2,1.88
700,Dowman,MID,Arsenal,4.5,5,0,1.11,2,0,1,0.14,0.02,0.16,0,0.12,0,3,0,1,0,1,0.08,0.02,0.1,0,0.0,1,0,0,0.06,0.0,0.06,0,0.12
474,Schär,DEF,Newcastle Utd,5.5,23,0,4.18,4,0,0,0.08,0.07,0.15,2,1.72,3,35,0,2,0,0,0.0,0.03,0.03,2,0.83,2,0,0,0.08,0.04,0.12,0,0.89
77,Hill,DEF,Bournemouth,4.0,10,0,2.5,5,0,0,0.12,0.03,0.15,2,0.98,1,14,0,3,0,0,0.12,0.03,0.15,1,0.68,2,0,0,0.0,0.0,0.0,1,0.3
371,Kerkez,DEF,Liverpool,5.9,11,0,1.86,5,0,0,0.08,0.07,0.15,3,3.05,1,34,0,3,0,0,0.0,0.05,0.05,1,2.0,2,0,0,0.08,0.02,0.1,2,1.05
304,Iroegbunam,MID,Everton,4.9,7,0,1.43,4,0,0,0.15,0.0,0.15,1,3.41,3,28,0,2,0,0,0.12,0.0,0.12,0,2.02,2,0,0,0.03,0.0,0.03,1,1.39
169,Gomez,MID,Brighton,4.9,3,0,0.61,4,0,0,0.05,0.1,0.15,3,2.6,0,21,0,3,0,0,0.05,0.09,0.14,3,2.2,1,0,0,0.0,0.01,0.01,0,0.4
52,J.Ramsey,MID,Newcastle Utd,5.3,2,0,0.38,2,0,0,0.03,0.12,0.15,1,0.91,0,6,0,1,0,0,0.0,0.02,0.02,1,0.37,1,0,0,0.03,0.1,0.13,0,0.54
493,Longstaff,MID,Leeds United,4.9,11,0,2.24,5,0,0,0.11,0.03,0.14,3,3.85,1,33,0,2,0,0,0.0,0.01,0.01,0,0.46,3,0,0,0.11,0.02,0.13,3,3.39
526,Igor Jesus,FWD,Nott'ham Forest,5.8,4,0,0.69,4,0,0,0.11,0.03,0.14,3,2.0,0,3,0,2,0,0,0.0,0.0,0.0,3,1.83,2,0,0,0.11,0.03,0.14,0,0.17
438,Mazraoui,DEF,Manchester Utd,4.9,9,1,1.84,3,0,0,0.0,0.13,0.13,2,1.59,1,12,0,2,0,0,0.0,0.1,0.1,0,0.13,1,0,0,0.0,0.03,0.03,2,1.46
607,N.Aguerd,DEF,West Ham,4.4,3,0,0.68,2,0,0,0.1,0.03,0.13,8,3.42,0,15,0,1,0,0,0.1,0.01,0.11,5,2.74,1,0,0,0.0,0.02,0.02,3,0.68
426,McAtee,MID,Nott'ham Forest,5.4,3,0,0.56,3,0,0,0.0,0.13,0.13,4,2.03,0,4,0,1,0,0,0.0,0.09,0.09,3,1.95,2,0,0,0.0,0.04,0.04,1,0.08
610,Wan-Bissaka,DEF,West Ham,4.3,1,0,0.23,2,0,0,0.0,0.13,0.13,8,3.42,0,8,0,1,0,0,0.0,0.06,0.06,5,2.74,1,0,0,0.0,0.07,0.07,3,0.68
388,C.Jones,MID,Liverpool,5.4,8,0,1.48,4,0,1,0.0,0.12,0.12,3,1.36,0,21,0,3,0,1,0.0,0.1,0.1,1,0.43,1,0,0,0.0,0.02,0.02,2,0.93
682,Møller Wolfe,DEF,Wolves,4.5,6,0,1.33,3,0,1,0.0,0.12,0.12,4,3.04,0,6,0,2,0,1,0.0,0.12,0.12,3,2.32,1,0,0,0.0,0.0,0.0,1,0.72
148,F.Kadıoğlu,DEF,Brighton,4.4,5,0,1.14,4,0,0,0.07,0.05,0.12,4,3.24,0,17,0,2,0,0,0.07,0.01,0.08,3,1.45,2,0,0,0.0,0.04,0.04,1,1.79
358,Tanaka,MID,Leeds United,4.9,5,0,1.02,3,0,0,0.09,0.03,0.12,4,2.68,1,11,0,1,0,0,0.09,0.03,0.12,0,0.55,2,0,0,0.0,0.0,0.0,4,2.13
423,N.Gonzalez,MID,Manchester City,6.0,6,0,1.0,4,0,0,0.05,0.07,0.12,3,2.86,1,24,0,2,0,0,0.0,0.02,0.02,2,2.12,2,0,0,0.05,0.05,0.1,1,0.74
326,Adama,MID,Fulham,5.3,3,0,0.57,3,0,0,0.04,0.08,0.12,0,0.52,0,2,0,1,0,0,0.04,0.01,0.05,0,0.05,2,0,0,0.0,0.07,0.07,0,0.47
232,Tosin,DEF,Chelsea,4.5,11,0,2.44,4,0,0,0.05,0.07,0.11,5,4.97,1,37,0,1,0,0,0.0,0.01,0.01,0,1.02,3,0,0,0.05,0.06,0.1,5,3.95
521,Sangaré,MID,Nott'ham Forest,5.0,11,0,2.2,5,0,0,0.03,0.08,0.11,6,5.98,0,41,0,2,0,0,0.02,0.05,0.07,3,2.96,3,0,0,0.01,0.03,0.04,3,3.02
370,Frimpong,DEF,Liverpool,5.9,5,0,0.85,2,0,1,0.09,0.02,0.11,0,0.81,0,4,0,1,0,0,0.01,0.01,0.02,0,0.81,1,0,1,0.08,0.01,0.09,0,0.0
197,Sonne,DEF,Burnley,4.0,3,0,0.75,3,0,0,0.03,0.08,0.11,4,3.31,0,2,0,1,0,0,0.0,0.0,0.0,0,0.16,2,0,0,0.03,0.08,0.11,4,3.15
87,Christie,MID,Bournemouth,5.0,3,0,0.6,3,0,0,0.07,0.04,0.11,0,0.24,0,16,0,2,0,0,0.07,0.04,0.11,0,0.06,1,0,0,0.0,0.0,0.0,0,0.18
215,Flemming,FWD,Burnley,5.4,3,0,0.56,3,0,0,0.11,0.0,0.11,0,0.4,0,1,0,2,0,0,0.11,0.0,0.11,0,0.17,1,0,0,0.0,0.0,0.0,0,0.23
12,Zinchenko,DEF,Nott'ham Forest,4.9,2,0,0.41,1,0,0,0.04,0.07,0.11,1,0.85,0,9,0,0,0,0,0.0,0.0,0.0,0,0.0,1,0,0,0.04,0.07,0.11,1,0.85
408,Rúben,DEF,Manchester City,5.5,16,0,2.91,5,0,0,0.0,0.1,0.1,4,5.25,2,25,0,2,0,0,0.0,0.02,0.02,2,2.62,3,0,0,0.0,0.08,0.08,2,2.63
233,Acheampong,DEF,Chelsea,4.0,9,3,2.25,1,0,0,0.09,0.01,0.1,0,0.66,1,8,0,1,0,0,0.09,0.01,0.1,0,0.66,0,0,0,0.0,0.0,0.0,0,0.0
494,Willock,MID,Newcastle Utd,5.0,4,0,0.8,2,0,0,0.09,0.01,0.1,0,0.52,1,11,0,1,0,0,0.09,0.0,0.09,0,0.09,1,0,0,0.0,0.01,0.01,0,0.43
228,Gusto,DEF,Chelsea,4.9,10,0,2.04,4,0,0,0.02,0.07,0.09,1,1.75,1,10,0,2,0,0,0.02,0.05,0.07,0,1.07,2,0,0,0.0,0.02,0.02,1,0.68
73,Smith,DEF,Bournemouth,4.5,8,0,1.78,3,0,0,0.0,0.09,0.09,3,2.56,1,11,0,1,0,0,0.0,0.01,0.01,0,0.46,2,0,0,0.0,0.08,0.08,3,2.1
473,Hall,DEF,Newcastle Utd,5.4,9,1,1.67,3,0,0,0.04,0.05,0.09,1,1.0,1,12,0,1,0,0,0.0,0.0,0.0,1,0.37,2,0,0,0.04,0.05,0.09,0,0.63
676,Ugochukwu,MID,Burnley,5.0,5,0,1.0,4,0,0,0.07,0.02,0.09,4,5.47,1,24,0,2,0,0,0.02,0.02,0.04,1,2.06,2,0,0,0.05,0.0,0.05,3,3.41
551,Rigg,MID,Sunderland,4.8,3,0,0.62,3,0,0,0.06,0.03,0.09,0,0.38,0,1,0,2,0,0,0.06,0.03,0.09,0,0.28,1,0,0,0.0,0.0,0.0,0,0.1
168,Buonanotte,MID,Chelsea,4.8,1,0,0.21,1,0,0,0.0,0.09,0.09,1,0.55,0,3,0,0,0,0,0.0,0.0,0.0,0,0.0,1,0,0,0.0,0.09,0.09,1,0.55
124,Henderson,MID,Brentford,5.0,15,1,3.0,5,0,1,0.03,0.05,0.08,5,3.62,2,29,0,2,0,1,0.03,0.03,0.06,2,2.13,3,0,0,0.0,0.02,0.02,3,1.49
731,Kevin,MID,Fulham,6.0,1,0,0.17,2,0,0,0.01,0.07,0.08,0,0.2,0,3,0,2,0,0,0.01,0.07,0.08,0,0.2,0,0,0,0.0,0.0,0.0,0,0.0
38,Konsa,DEF,Aston Villa,4.5,12,0,2.67,4,0,0,0.0,0.07,0.07,4,6.91,2,18,0,2,0,0,0.0,0.04,0.04,3,3.78,2,0,0,0.0,0.03,0.03,1,3.13
411,O’Reilly,DEF,Manchester City,4.9,13,0,2.65,4,0,0,0.05,0.02,0.07,1,3.75,2,21,0,1,0,0,0.03,0.01,0.04,0,1.51,3,0,0,0.02,0.01,0.03,1,2.24
643,André,MID,Wolves,5.4,9,0,1.67,5,0,0,0.02,0.05,0.07,7,5.89,0,39,0,3,0,0,0.02,0.04,0.06,6,3.97,2,0,0,0.0,0.01,0.01,1,1.92
173,Wieffer,MID,Brighton,4.9,8,0,1.63,3,0,0,0.02,0.05,0.07,3,1.99,0,33,0,2,0,0,0.02,0.03,0.05,1,0.78,1,0,0,0.0,0.02,0.02,2,1.21
459,Ugarte,MID,Manchester Utd,4.9,7,0,1.43,4,0,0,0.05,0.02,0.07,5,3.59,0,25,0,2,0,0,0.03,0.01,0.04,1,0.55,2,0,0,0.02,0.01,0.03,4,3.04
497,L.Miley,MID,Newcastle Utd,4.4,6,0,1.36,4,0,0,0.03,0.04,0.07,1,1.11,1,17,0,1,0,0,0.03,0.0,0.03,1,0.37,3,0,0,0.0,0.04,0.04,0,0.74
637,Toti,DEF,Wolves,4.4,4,0,0.91,5,0,0,0.04,0.03,0.07,12,7.15,0,27,0,3,0,0,0.03,0.02,0.05,10,4.88,2,0,0,0.01,0.01,0.02,2,2.27
584,Tel,MID,Tottenham,6.3,5,0,0.79,3,0,0,0.07,0.0,0.07,0,0.6,1,6,0,2,0,0,0.05,0.0,0.05,0,0.0,1,0,0,0.02,0.0,0.02,0,0.6
697,Adli,MID,Bournemouth,5.5,4,0,0.73,4,0,0,0.04,0.03,0.07,0,0.29,0,24,0,3,0,0,0.04,0.02,0.06,0,0.11,1,0,0,0.0,0.01,0.01,0,0.18
619,L.Guilherme,MID,West Ham,4.9,2,0,0.41,2,0,0,0.07,0.0,0.07,1,0.79,0,3,0,2,0,0,0.07,0.0,0.07,1,0.79,0,0,0,0.0,0.0,0.0,0,0.0
734,Bakwa,MID,Nott'ham Forest,6.0,2,0,0.33,2,0,0,0.06,0.01,0.07,2,0.59,0,8,0,0,0,0,0.0,0.0,0.0,0,0.0,2,0,0,0.06,0.01,0.07,2,0.59
541,Reinildo,DEF,Sunderland,4.0,14,0,3.5,5,0,0,0.02,0.04,0.06,4,4.78,2,36,0,3,0,0,0.02,0.01,0.03,2,2.01,2,0,0,0.0,0.03,0.03,2,2.77
354,Ampadu,MID,Leeds United,4.9,11,0,2.24,3,0,0,0.02,0.04,0.06,2,2.91,1,35,0,1,0,0,0.0,0.02,0.02,0,0.28,2,0,0,0.02,0.02,0.04,2,2.63
621,Irving,MID,West Ham,4.4,3,0,0.68,3,0,0,0.0,0.06,0.06,1,0.45,0,6,0,1,0,0,0.0,0.0,0.0,0,0.37,2,0,0,0.0,0.06,0.06,1,0.08
618,G.Rodriguez,MID,West Ham,4.9,2,0,0.41,1,0,0,0.03,0.03,0.06,1,0.6,0,4,0,0,0,0,0.0,0.0,0.0,0,0.0,1,0,0,0.03,0.03,0.06,1,0.6
316,Robinson,DEF,Fulham,5.0,2,0,0.4,2,0,0,0.0,0.06,0.06,0,0.23,0,2,0,1,0,0,0.0,0.02,0.02,0,0.11,1,0,0,0.0,0.04,0.04,0,0.12
456,Sancho,MID,Aston Villa,5.9,1,0,0.17,1,0,0,0.02,0.04,0.06,0,0.0,0,0,0,0,0,0,0.0,0.0,0.0,0,0.0,1,0,0,0.02,0.04,0.06,0,0.0
713,A.Jimenez,DEF,Bournemouth,4.5,0,0,0.0,2,0,0,0.05,0.01,0.06,0,0.14,0,5,0,2,0,0,0.05,0.01,0.06,0,0.14,0,0,0,0.0,0.0,0.0,0,0.0
44,Bogarde,DEF,Aston Villa,4.0,11,3,2.75,4,0,0,0.0,0.05,0.05,0,2.09,1,7,0,1,0,0,0.0,0.0,0.0,0,0.38,3,0,0,0.0,0.05,0.05,0,1.71
167,Baleba,MID,Brighton,4.8,6,0,1.25,5,0,0,0.04,0.01,0.05,3,4.25,1,29,0,3,0,0,0.02,0.01,0.03,2,3.08,2,0,0,0.02,0.0,0.02,1,1.17
636,S.Bueno,DEF,Wolves,4.4,4,0,0.91,2,0,0,0.0,0.05,0.05,3,2.39,0,14,0,1,0,0,0.0,0.05,0.05,3,1.93,1,0,0,0.0,0.0,0.0,0,0.46
591,Gray,MID,Tottenham,4.9,4,0,0.82,2,0,0,0.0,0.05,0.05,0,0.89,1,8,0,1,0,0,0.0,0.05,0.05,0,0.89,1,0,0,0.0,0.0,0.0,0,0.0
634,Mosquera,DEF,Wolves,4.4,3,0,0.68,2,0,0,0.05,0.0,0.05,4,1.83,0,9,0,1,0,0,0.05,0.0,0.05,3,0.48,1,0,0,0.0,0.0,0.0,1,1.35
545,Roberts,MID,Sunderland,5.4,1,0,0.19,1,0,0,0.03,0.02,0.05,1,0.66,0,1,0,0,0,0,0.0,0.0,0.0,0,0.0,1,0,0,0.03,0.02,0.05,1,0.66
453,Garnacho,MID,Chelsea,6.4,1,0,0.16,1,0,0,0.0,0.05,0.05,1,0.71,0,1,0,0,0,0,0.0,0.0,0.0,0,0.0,1,0,0,0.0,0.05,0.05,1,0.71
685,Diakité,DEF,Bournemouth,4.5,21,2,4.67,4,0,0,0.0,0.04,0.04,4,3.0,3,33,0,2,0,0,0.0,0.03,0.03,0,0.6,2,0,0,0.0,0.01,0.01,4,2.4
287,Pickford,GK,Everton,5.5,25,3,4.55,5,0,0,0.0,0.04,0.04,5,7.05,2,0,10,2,0,0,0.0,0.0,0.0,0,2.97,3,0,0,0.0,0.04,0.04,5,4.08
662,Mosquera,DEF,Arsenal,5.4,11,1,2.04,4,0,0,0.0,0.04,0.04,1,0.72,1,19,0,3,0,0,0.0,0.04,0.04,0,0.2,1,0,0,0.0,0.0,0.0,1,0.52
431,Bayindir,GK,Manchester Utd,5.0,9,0,1.8,5,0,0,0.0,0.04,0.04,8,7.22,0,0,8,3,0,0,0.0,0.01,0.01,4,2.94,2,0,0,0.0,0.03,0.03,4,4.28
409,Stones,DEF,Manchester City,5.5,9,0,1.64,4,0,0,0.0,0.04,0.04,5,4.04,1,14,0,1,0,0,0.0,0.02,0.02,2,1.11,3,0,0,0.0,0.02,0.02,3,2.93
699,Douglas Luiz,MID,Nott'ham Forest,5.0,5,0,1.0,1,0,1,0.02,0.02,0.04,1,0.68,0,3,0,0,0,0,0.0,0.0,0.0,0,0.0,1,0,1,0.02,0.02,0.04,1,0.68
695,Tchatchoua,DEF,Wolves,4.5,4,0,0.89,4,0,0,0.0,0.04,0.04,6,3.06,0,13,0,2,0,0,0.0,0.02,0.02,6,2.23,2,0,0,0.0,0.02,0.02,0,0.83
301,Alcaraz,MID,Everton,5.3,4,0,0.75,4,0,0,0.03,0.01,0.04,1,2.94,0,12,0,1,0,0,0.0,0.0,0.0,0,0.95,3,0,0,0.03,0.01,0.04,1,1.99
415,Savinho,MID,Manchester City,6.9,2,0,0.29,2,0,0,0.04,0.0,0.04,1,1.53,0,3,0,1,0,0,0.04,0.0,0.04,0,1.37,1,0,0,0.0,0.0,0.0,1,0.16
284,Nketiah,FWD,Crystal Palace,5.4,1,0,0.19,1,0,0,0.04,0.0,0.04,0,0.15,0,2,0,0,0,0,0.0,0.0,0.0,0,0.0,1,0,0,0.04,0.0,0.04,0,0.15
111,Pinnock,DEF,Brentford,4.4,0,0,0.0,2,0,0,0.0,0.04,0.04,4,2.11,0,15,0,1,0,0,0.0,0.04,0.04,1,1.1,1,0,0,0.0,0.0,0.0,3,1.01
1,Raya,GK,Arsenal,5.5,26,3,4.73,5,0,0,0.0,0.03,0.03,2,3.3,3,0,13,3,0,0,0.0,0.01,0.01,1,1.26,2,0,0,0.0,0.02,0.02,1,2.04
253,Henderson,GK,Crystal Palace,5.0,22,0,4.4,5,0,0,0.0,0.03,0.03,2,4.68,3,0,8,2,0,0,0.0,0.0,0.0,1,1.29,3,0,0,0.0,0.03,0.03,1,3.39
628,José Sá,GK,Wolves,4.5,5,0,1.11,4,0,0,0.0,0.03,0.03,11,6.17,0,0,5,3,0,0,0.0,0.0,0.0,10,4.88,1,0,0,0.0,0.03,0.03,1,1.29
352,Harrison,MID,Leeds United,5.3,4,0,0.75,4,0,0,0.0,0.03,0.03,1,1.58,0,10,0,2,0,0,0.0,0.03,0.03,0,0.35,2,0,0,0.0,0.0,0.0,1,1.23
252,Marc Guiu,FWD,Chelsea,4.3,2,0,0.47,2,0,0,0.02,0.01,0.03,1,0.66,0,1,0,1,0,0,0.0,0.0,0.0,0,0.0,1,0,0,0.02,0.01,0.03,1,0.66
728,Röhl,MID,Everton,5.0,1,0,0.2,1,0,0,0.03,0.0,0.03,0,0.0,0,3,0,1,0,0,0.03,0.0,0.03,0,0.0,0,0,0,0.0,0.0,0.0,0,0.0
632,Doherty,DEF,Wolves,4.4,0,0,0.0,2,0,0,0.0,0.03,0.03,5,3.76,0,14,0,1,0,0,0.0,0.01,0.01,4,2.47,1,0,0,0.0,0.02,0.02,1,1.29
406,Khusanov,DEF,Manchester City,5.4,11,0,2.04,4,0,0,0.0,0.02,0.02,1,3.13,1,22,0,1,0,0,0.0,0.01,0.01,0,1.51,3,0,0,0.0,0.01,0.01,1,1.62
684,Thiaw,DEF,Newcastle Utd,4.9,8,0,1.63,2,0,0,0.0,0.02,0.02,1,0.8,1,15,0,1,0,0,0.0,0.0,0.0,1,0.37,1,0,0,0.0,0.02,0.02,0,0.43
11,White,DEF,Arsenal,5.4,6,0,1.11,1,0,0,0.01,0.01,0.02,0,0.87,1,8,0,0,0,0,0.0,0.0,0.0,0,0.0,1,0,0,0.01,0.01,0.02,0,0.87
407,Matheus N.,DEF,Manchester City,5.3,4,0,0.75,3,0,0,0.0,0.02,0.02,2,2.01,0,17,0,0,0,0,0.0,0.0,0.0,0,0.0,3,0,0,0.0,0.02,0.02,2,2.01
565,Vicario,GK,Tottenham,5.1,30,5,5.88,5,0,0,0.0,0.01,0.01,3,6.0,3,0,19,2,0,0,0.0,0.0,0.0,1,2.53,3,0,0,0.0,0.01,0.01,2,3.47
348,Rodon,DEF,Leeds United,4.0,22,2,5.5,5,0,0,0.0,0.01,0.01,7,6.52,2,47,0,2,0,0,0.0,0.0,0.0,0,1.01,3,0,0,0.0,0.01,0.01,7,5.51
366,A.Becker,GK,Liverpool,5.5,18,2,3.27,5,0,0,0.0,0.01,0.01,5,3.95,2,0,4,3,0,0,0.0,0.01,0.01,3,2.89,2,0,0,0.0,0.0,0.0,2,1.06
101,Kelleher,GK,Brentford,4.5,10,0,2.22,5,0,0,0.0,0.01,0.01,10,6.85,1,0,11,2,0,0,0.0,0.01,0.01,2,2.44,3,0,0,0.0,0.0,0.0,8,4.41
32,Martinez,GK,Aston Villa,5.0,11,0,2.2,3,0,0,0.0,0.01,0.01,2,4.34,1,0,6,0,0,0,0.0,0.0,0.0,0,0.0,3,0,0,0.0,0.01,0.01,2,4.34
679,Hermansen,GK,West Ham,4.5,9,0,2.0,4,0,0,0.0,0.01,0.01,11,5.44,1,0,9,2,0,0,0.0,0.0,0.0,8,4.03,2,0,0,0.0,0.01,0.01,3,1.41
139,Verbruggen,GK,Brighton,4.5,8,0,1.78,5,0,0,0.0,0.01,0.01,8,6.85,0,0,9,3,0,0,0.0,0.0,0.0,4,3.8,2,0,0,0.0,0.01,0.01,4,3.05
152,Veltman,DEF,Brighton,4.4,7,0,1.59,3,0,0,0.0,0.01,0.01,5,4.49,0,30,0,2,0,0,0.0,0.0,0.0,3,3.04,1,0,0,0.0,0.01,0.01,2,1.45
356,Gruev,MID,Leeds United,4.9,7,0,1.43,4,0,0,0.0,0.01,0.01,5,3.64,1,15,0,2,0,0,0.0,0.01,0.01,0,0.74,2,0,0,0.0,0.0,0.0,5,2.9
722,Florentino,MID,Burnley,5.0,4,0,0.8,2,0,0,0.0,0.01,0.01,2,2.34,0,25,0,2,0,0,0.0,0.01,0.01,2,2.34,0,0,0,0.0,0.0,0.0,0,0.0
163,Hinshelwood,MID,Brighton,5.3,4,0,0.75,3,0,0,0.0,0.01,0.01,2,2.32,0,11,0,1,0,0,0.0,0.0,0.0,1,1.65,2,0,0,0.0,0.01,0.01,1,0.67
230,Fofana,DEF,Chelsea,4.4,3,0,0.68,3,0,0,0.0,0.01,0.01,3,2.44,0,13,0,0,0,0,0.0,0.0,0.0,0,0.0,3,0,0,0.0,0.01,0.01,3,2.44
321,J.Cuenca,DEF,Fulham,4.4,3,0,0.68,2,0,0,0.0,0.01,0.01,1,1.12,0,7,0,1,0,0,0.0,0.0,0.0,0,0.05,1,0,0,0.0,0.01,0.01,1,1.07
522,Yates,MID,Nott'ham Forest,4.8,3,0,0.62,3,0,0,0.0,0.01,0.01,1,0.08,0,7,0,1,0,0,0.0,0.01,0.01,0,0.0,2,0,0,0.0,0.0,0.0,1,0.08
542,Seelt,DEF,Sunderland,4.0,2,0,0.5,2,0,0,0.0,0.01,0.01,2,1.33,0,12,0,1,0,0,0.0,0.0,0.0,0,0.33,1,0,0,0.0,0.01,0.01,2,1.0
511,Morato,DEF,Nott'ham Forest,4.4,2,0,0.45,2,0,0,0.0,0.01,0.01,4,2.69,0,12,0,0,0,0,0.0,0.0,0.0,0,0.0,2,0,0,0.0,0.01,0.01,4,2.69
609,Todibo,DEF,West Ham,4.4,1,0,0.23,2,0,0,0.0,0.01,0.01,5,2.26,0,11,0,1,0,0,0.0,0.0,0.0,3,1.62,1,0,0,0.0,0.01,0.01,2,0.64
269,Esse,MID,Crystal Palace,4.8,1,0,0.21,1,0,0,0.0,0.01,0.01,0,0.27,0,2,0,1,0,0,0.0,0.01,0.01,0,0.27,0,0,0,0.0,0.0,0.0,0,0.0
656,Kalajdžić,FWD,Wolves,4.9,1,0,0.2,1,0,0,0.0,0.01,0.01,0,0.1,0,2,0,1,0,0,0.0,0.01,0.01,0,0.1,0,0,0,0.0,0.0,0.0,0,0.0
122,Milambo,MID,Brentford,5.3,1,0,0.19,1,0,0,0.0,0.01,0.01,3,1.49,0,4,0,0,0,0,0.0,0.0,0.0,0,0.0,1,0,0,0.0,0.01,0.01,3,1.49
732,Uche,FWD,Crystal Palace,5.5,1,0,0.18,1,0,0,0.01,0.0,0.01,0,0.0,0,1,0,1,0,0,0.01,0.0,0.01,0,0.0,0,0,0,0.0,0.0,0.0,0,0.0
30,Havertz,FWD,Arsenal,7.3,1,0,0.14,1,0,0,0.0,0.01,0.01,0,0.82,0,3,0,0,0,0,0.0,0.0,0.0,0,0.0,1,0,0,0.0,0.01,0.01,0,0.82
499,Isak,FWD,Liverpool,10.5,1,0,0.1,1,0,0,0.0,0.01,0.01,0,0.04,0,3,0,1,0,0,0.0,0.01,0.01,0,0.04,0,0,0,0.0,0.0,0.0,0,0.0
672,Hato,DEF,Chelsea,4.8,0,0,0.0,2,0,0,0.0,0.01,0.01,1,0.99,0,2,0,0,0,0,0.0,0.0,0.0,0,0.0,2,0,0,0.0,0.01,0.01,1,0.99
670,Roefs,GK,Sunderland,4.5,29,4,6.44,5,0,0,0.0,0.0,0.0,4,5.24,2,0,14,3,0,0,0.0,0.0,0.0,2,2.47,2,0,0,0.0,0.0,0.0,2,2.77
469,Pope,GK,Newcastle Utd,5.0,32,3,6.4,5,0,1,0.0,0.0,0.0,3,2.65,4,0,10,2,0,1,0.0,0.0,0.0,3,1.2,3,0,0,0.0,0.0,0.0,0,1.45
67,Petrović,GK,Bournemouth,4.5,21,0,4.67,5,0,0,0.0,0.0,0.0,5,3.62,3,0,10,3,0,0,0.0,0.0,0.0,1,1.22,2,0,0,0.0,0.0,0.0,4,2.4
470,Dúbravka,GK,Burnley,4.0,17,0,4.25,5,0,0,0.0,0.0,0.0,8,10.27,1,0,19,3,0,0,0.0,0.0,0.0,2,4.32,2,0,0,0.0,0.0,0.0,6,5.95
475,Botman,DEF,Newcastle Utd,4.9,17,4,3.47,3,0,0,0.0,0.0,0.0,0,1.18,2,18,0,1,0,0,0.0,0.0,0.0,0,0.0,2,0,0,0.0,0.0,0.0,0,1.18
314,Leno,GK,Fulham,5.0,17,1,3.4,5,0,0,0.0,0.0,0.0,5,6.85,1,0,15,3,0,0,0.0,0.0,0.0,2,3.02,2,0,0,0.0,0.0,0.0,3,3.83
220,Sánchez,GK,Chelsea,5.0,16,1,3.2,5,0,0,0.0,0.0,0.0,5,3.89,2,0,12,2,0,0,0.0,0.0,0.0,0,1.68,3,0,0,0.0,0.0,0.0,5,2.21
665,Perri,GK,Leeds United,4.5,12,0,2.67,3,0,0,0.0,0.0,0.0,5,3.89,2,0,3,2,0,0,0.0,0.0,0.0,0,1.01,1,0,0,0.0,0.0,0.0,5,2.88
182,Trafford,GK,Manchester City,4.9,11,0,2.24,3,0,0,0.0,0.0,0.0,4,3.97,1,0,11,1,0,0,0.0,0.0,0.0,2,1.11,2,0,0,0.0,0.0,0.0,2,2.86
502,Sels,GK,Nott'ham Forest,5.0,10,0,2.0,5,0,0,0.0,0.0,0.0,9,7.71,0,0,16,2,0,0,0.0,0.0,0.0,4,3.92,3,0,0,0.0,0.0,0.0,5,3.79
403,Gvardiol,DEF,Manchester City,5.8,10,0,1.72,2,0,0,0.0,0.0,0.0,1,2.47,1,17,0,1,0,0,0.0,0.0,0.0,0,1.51,1,0,0,0.0,0.0,0.0,1,0.96
33,M.Bizot,GK,Aston Villa,4.5,7,0,1.56,2,0,0,0.0,0.0,0.0,3,4.1,1,0,4,2,0,0,0.0,0.0,0.0,3,4.1,0,0,0,0.0,0.0,0.0,0,0.0
341,Darlow,GK,Leeds United,4.0,6,0,1.5,2,0,0,0.0,0.0,0.0,2,2.63,0,0,8,0,0,0,0.0,0.0,0.0,0,0.0,2,0,0,0.0,0.0,0.0,2,2.63
736,Donnarumma,GK,Manchester City,5.6,7,0,1.25,2,0,0,0.0,0.0,0.0,1,2.47,1,0,4,1,0,0,0.0,0.0,0.0,0,1.51,1,0,0,0.0,0.0,0.0,1,0.96
392,Endo,MID,Liverpool,4.9,5,0,1.02,3,0,1,0.0,0.0,0.0,2,0.98,0,4,0,2,0,1,0.0,0.0,0.0,2,0.98,1,0,0,0.0,0.0,0.0,0,0.0
93,H.Traorè,MID,Bournemouth,4.5,4,0,0.89,1,0,1,0.0,0.0,0.0,2,0.4,0,4,0,0,0,0,0.0,0.0,0.0,0,0.0,1,0,1,0.0,0.0,0.0,2,0.4
199,Worrall,DEF,Burnley,4.0,3,0,0.75,3,0,0,0.0,0.0,0.0,2,2.17,0,6,0,2,0,0,0.0,0.0,0.0,1,1.11,1,0,0,0.0,0.0,0.0,1,1.06
100,Kroupi.Jr,FWD,Bournemouth,4.5,3,0,0.67,3,0,0,0.0,0.0,0.0,1,0.24,0,1,0,1,0,0,0.0,0.0,0.0,0,0.06,2,0,0,0.0,0.0,0.0,1,0.18
627,Johnstone,GK,Wolves,4.5,3,0,0.67,1,0,0,0.0,0.0,0.0,1,1.55,0,0,3,0,0,0,0.0,0.0,0.0,0,0.0,1,0,0,0.0,0.0,0.0,1,1.55
116,Hickey,DEF,Brentford,4.0,2,0,0.5,3,0,0,0.0,0.0,0.0,1,0.4,0,4,0,2,0,0,0.0,0.0,0.0,1,0.4,1,0,0,0.0,0.0,0.0,0,0.0
706,Justin,DEF,Leeds United,4.0,2,0,0.5,2,0,0,0.0,0.0,0.0,0,0.31,0,2,0,1,0,0,0.0,0.0,0.0,0,0.03,1,0,0,0.0,0.0,0.0,0,0.28
570,Danso,DEF,Tottenham,4.3,2,0,0.47,2,0,0,0.0,0.0,0.0,0,0.0,0,2,0,0,0,0,0.0,0.0,0.0,0,0.0,2,0,0,0.0,0.0,0.0,0,0.0
144,Coppola,DEF,Brighton,4.4,2,0,0.45,2,0,0,0.0,0.0,0.0,1,0.13,0,3,0,2,0,0,0.0,0.0,0.0,1,0.13,0,0,0,0.0,0.0,0.0,0,0.0
724,Geertruida,DEF,Sunderland,4.5,2,0,0.44,2,0,0,0.0,0.0,0.0,0,0.63,0,2,0,1,0,0,0.0,0.0,0.0,0,0.25,1,0,0,0.0,0.0,0.0,0,0.38
331,Cairney,MID,Fulham,4.9,2,0,0.41,3,0,0,0.0,0.0,0.0,0,0.48,0,3,0,2,0,0,0.0,0.0,0.0,0,0.05,1,0,0,0.0,0.0,0.0,0,0.43
376,Gomez,DEF,Liverpool,5.0,2,0,0.4,2,0,0,0.0,0.0,0.0,1,0.3,0,8,0,2,0,0,0.0,0.0,0.0,1,0.3,0,0,0,0.0,0.0,0.0,0,0.0
718,S.Magassa,MID,West Ham,5.0,2,0,0.4,2,0,0,0.0,0.0,0.0,1,0.79,0,4,0,2,0,0,0.0,0.0,0.0,1,0.79,0,0,0,0.0,0.0,0.0,0,0.0
10,Lewis-Skelly,DEF,Arsenal,5.3,2,0,0.38,3,0,0,0.0,0.0,0.0,0,0.76,0,2,0,2,0,0,0.0,0.0,0.0,0,0.1,1,0,0,0.0,0.0,0.0,0,0.66
346,Byram,DEF,Leeds United,3.9,1,0,0.26,1,0,0,0.0,0.0,0.0,1,0.79,0,0,0,0,0,0,0.0,0.0,0.0,0,0.0,1,0,0,0.0,0.0,0.0,1,0.79
447,Heaven,DEF,Manchester Utd,3.9,1,0,0.26,1,0,0,0.0,0.0,0.0,0,0.03,0,1,0,0,0,0,0.0,0.0,0.0,0,0.0,1,0,0,0.0,0.0,0.0,0,0.03
80,Soler,DEF,Bournemouth,4.0,1,0,0.25,1,0,0,0.0,0.0,0.0,0,0.0,0,0,0,1,0,0,0.0,0.0,0.0,0,0.0,0,0,0,0.0,0.0,0.0,0,0.0
263,Clyne,DEF,Crystal Palace,4.0,1,0,0.25,1,0,0,0.0,0.0,0.0,0,0.0,0,2,0,0,0,0,0.0,0.0,0.0,0,0.0,1,0,0,0.0,0.0,0.0,0,0.0
678,Masuaku,DEF,Sunderland,4.0,1,0,0.25,1,0,0,0.0,0.0,0.0,0,0.25,0,2,0,1,0,0,0.0,0.0,0.0,0,0.25,0,0,0,0.0,0.0,0.0,0,0.0
221,Jörgensen,GK,Chelsea,4.4,1,0,0.23,1,0,0,0.0,0.0,0.0,2,1.79,0,0,1,0,0,0,0.0,0.0,0.0,0,0.0,1,0,0,0.0,0.0,0.0,2,1.79
294,Coleman,DEF,Everton,4.4,1,0,0.23,1,0,0,0.0,0.0,0.0,0,0.0,0,0,0,0,0,0,0.0,0.0,0.0,0,0.0,1,0,0,0.0,0.0,0.0,0,0.0
480,Lascelles,DEF,Newcastle Utd,4.4,1,0,0.23,1,0,0,0.0,0.0,0.0,0,0.13,0,2,0,0,0,0,0.0,0.0,0.0,0,0.0,1,0,0,0.0,0.0,0.0,0,0.13
600,Areola,GK,West Ham,4.4,1,0,0.23,1,0,0,0.0,0.0,0.0,2,2.31,0,0,1,1,0,0,0.0,0.0,0.0,2,2.31,0,0,0,0.0,0.0,0.0,0,0.0
623,Potts,MID,West Ham,4.4,1,0,0.23,1,0,0,0.0,0.0,0.0,2,1.12,0,4,0,1,0,0,0.0,0.0,0.0,2,1.12,0,0,0,0.0,0.0,0.0,0,0.0
96,Winterburn,MID,Bournemouth,4.5,1,0,0.22,1,0,0,0.0,0.0,0.0,2,0.31,0,0,0,0,0,0,0.0,0.0,0.0,0,0.0,1,0,0,0.0,0.0,0.0,2,0.31
305,Armstrong,MID,Everton,4.5,1,0,0.22,1,0,0,0.0,0.0,0.0,0,0.0,0,0,0,1,0,0,0.0,0.0,0.0,0,0.0,0,0,0,0.0,0.0,0.0,0,0.0
702,Burrowes,MID,Aston Villa,4.5,1,0,0.22,1,0,0,0.0,0.0,0.0,1,0.9,0,1,0,1,0,0,0.0,0.0,0.0,1,0.9,0,0,0,0.0,0.0,0.0,0,0.0
719,Lindelöf,DEF,Aston Villa,4.5,1,0,0.22,1,0,0,0.0,0.0,0.0,0,0.48,0,0,0,0,0,0,0.0,0.0,0.0,0,0.0,1,0,0,0.0,0.0,0.0,0,0.48
206,Edwards,MID,Burnley,4.8,1,0,0.21,1,0,0,0.0,0.0,0.0,0,0.0,0,0,0,0,0,0,0.0,0.0,0.0,0,0.0,1,0,0,0.0,0.0,0.0,0,0.0
88,Cook,MID,Bournemouth,4.9,1,0,0.2,1,0,0,0.0,0.0,0.0,0,0.0,0,1,0,1,0,0,0.0,0.0,0.0,0,0.0,0,0,0,0.0,0.0,0.0,0,0.0
125,Janelt,MID,Brentford,4.9,1,0,0.2,1,0,0,0.0,0.0,0.0,0,0.0,0,0,0,0,0,0,0.0,0.0,0.0,0,0.0,1,0,0,0.0,0.0,0.0,0,0.0
285,Édouard,FWD,Crystal Palace,5.0,1,0,0.2,1,0,0,0.0,0.0,0.0,0,0.27,0,1,0,1,0,0,0.0,0.0,0.0,0,0.27,0,0,0,0.0,0.0,0.0,0,0.0
549,Neil,MID,Sunderland,4.9,1,0,0.2,1,0,0,0.0,0.0,0.0,0,0.1,0,1,0,1,0,0,0.0,0.0,0.0,0,0.1,0,0,0,0.0,0.0,0.0,0,0.0
180,Tzimas,FWD,Brighton,5.4,1,0,0.19,1,0,0,0.0,0.0,0.0,0,0.25,0,2,0,0,0,0,0.0,0.0,0.0,0,0.0,1,0,0,0.0,0.0,0.0,0,0.25
518,Jota,MID,Nott'ham Forest,5.4,1,0,0.19,1,0,0,0.0,0.0,0.0,0,0.0,0,3,0,1,0,0,0.0,0.0,0.0,0,0.0,0,0,0,0.0,0.0,0.0,0,0.0
680,Broja,FWD,Burnley,5.4,1,0,0.19,1,0,0,0.0,0.0,0.0,1,0.94,0,1,0,1,0,0,0.0,0.0,0.0,1,0.94,0,0,0,0.0,0.0,0.0,0,0.0
707,Dibling,MID,Everton,5.5,1,0,0.18,1,0,0,0.0,0.0,0.0,0,0.0,0,0,0,0,0,0,0.0,0.0,0.0,0,0.0,1,0,0,0.0,0.0,0.0,0,0.0
730,Brobbey,FWD,Sunderland,5.5,1,0,0.18,1,0,0,0.0,0.0,0.0,0,0.93,0,2,0,0,0,0,0.0,0.0,0.0,0,0.0,1,0,0,0.0,0.0,0.0,0,0.93
2,Arrizabalaga,GK,Arsenal,4.4,0,0,0.0,0,0,0,0.0,0.0,0.0,0,0.0,0,0,0,0,0,0,0.0,0.0,0.0,0,0.0,0,0,0,0.0,0.0,0.0,0,0.0
3,Hein,GK,Arsenal,4.0,0,0,0.0,0,0,0,0.0,0.0,0.0,0,0.0,0,0,0,0,0,0,0.0,0.0,0.0,0,0.0,0,0,0,0.0,0.0,0.0,0,0.0
4,Setford,GK,Arsenal,4.0,0,0,0.0,0,0,0,0.0,0.0,0.0,0,0.0,0,0,0,0,0,0,0.0,0.0,0.0,0,0.0,0,0,0,0.0,0.0,0.0,0,0.0
9,Kiwior,DEF,Arsenal,5.4,0,0,0.0,0,0,0,0.0,0.0,0.0,0,0.0,0,0,0,0,0,0,0.0,0.0,0.0,0,0.0,0,0,0,0.0,0.0,0.0,0,0.0
13,Clarke,DEF,Arsenal,4.0,0,0,0.0,0,0,0,0.0,0.0,0.0,0,0.0,0,0,0,0,0,0,0.0,0.0,0.0,0,0.0,0,0,0,0.0,0.0,0.0,0,0.0
14,Kacurri,DEF,Arsenal,3.9,0,0,0.0,0,0,0,0.0,0.0,0.0,0,0.0,0,0,0,0,0,0,0.0,0.0,0.0,0,0.0,0,0,0,0.0,0.0,0.0,0,0.0
15,Nichols,DEF,Arsenal,3.9,0,0,0.0,0,0,0,0.0,0.0,0.0,0,0.0,0,0,0,0,0,0,0.0,0.0,0.0,0,0.0,0,0,0,0.0,0.0,0.0,0,0.0
23,Fábio Vieira,MID,Arsenal,5.4,0,0,0.0,0,0,0,0.0,0.0,0.0,0,0.0,0,0,0,0,0,0,0.0,0.0,0.0,0,0.0,0,0,0,0.0,0.0,0.0,0,0.0
24,Nørgaard,MID,Arsenal,5.4,0,0,0.0,0,0,0,0.0,0.0,0.0,0,0.0,0,0,0,0,0,0,0.0,0.0,0.0,0,0.0,0,0,0,0.0,0.0,0.0,0,0.0
27,Nelson,MID,Brentford,4.9,0,0,0.0,0,0,0,0.0,0.0,0.0,0,0.0,0,0,0,0,0,0,0.0,0.0,0.0,0,0.0,0,0,0,0.0,0.0,0.0,0,0.0
28,Kabia,MID,Arsenal,4.5,0,0,0.0,0,0,0,0.0,0.0,0.0,0,0.0,0,0,0,0,0,0,0.0,0.0,0.0,0,0.0,0,0,0,0.0,0.0,0.0,0,0.0
29,Sambi,MID,Arsenal,4.5,0,0,0.0,0,0,0,0.0,0.0,0.0,0,0.0,0,0,0,0,0,0,0.0,0.0,0.0,0,0.0,0,0,0,0.0,0.0,0.0,0,0.0
31,G.Jesus,FWD,Arsenal,6.4,0,0,0.0,0,0,0,0.0,0.0,0.0,0,0.0,0,0,0,0,0,0,0.0,0.0,0.0,0,0.0,0,0,0,0.0,0.0,0.0,0,0.0
34,Gauci,GK,Aston Villa,4.0,0,0,0.0,0,0,0,0.0,0.0,0.0,0,0.0,0,0,0,0,0,0,0.0,0.0,0.0,0,0.0,0,0,0,0.0,0.0,0.0,0,0.0
35,Marschall,GK,Aston Villa,4.0,0,0,0.0,0,0,0,0.0,0.0,0.0,0,0.0,0,0,0,0,0,0,0.0,0.0,0.0,0,0.0,0,0,0,0.0,0.0,0.0,0,0.0
42,A.García,DEF,Aston Villa,3.9,0,0,0.0,0,0,0,0.0,0.0,0.0,0,0.0,0,0,0,0,0,0,0.0,0.0,0.0,0,0.0,0,0,0,0.0,0.0,0.0,0,0.0
43,Alex Moreno,DEF,Aston Villa,4.0,0,0,0.0,0,0,0,0.0,0.0,0.0,0,0.0,0,0,0,0,0,0,0.0,0.0,0.0,0,0.0,0,0,0,0.0,0.0,0.0,0,0.0
45,Sousa,DEF,Aston Villa,4.0,0,0,0.0,0,0,0,0.0,0.0,0.0,0,0.0,0,0,0,0,0,0,0.0,0.0,0.0,0,0.0,0,0,0,0.0,0.0,0.0,0,0.0
46,Yasin,DEF,Aston Villa,4.0,0,0,0.0,0,0,0,0.0,0.0,0.0,0,0.0,0,0,0,0,0,0,0.0,0.0,0.0,0,0.0,0,0,0,0.0,0.0,0.0,0,0.0
49,Bailey,MID,Aston Villa,5.5,0,0,0.0,0,0,0,0.0,0.0,0.0,0,0.0,0,0,0,0,0,0,0.0,0.0,0.0,0,0.0,0,0,0,0.0,0.0,0.0,0,0.0
51,Iling Jr,MID,Aston Villa,5.5,0,0,0.0,0,0,0,0.0,0.0,0.0,0,0.0,0,0,0,0,0,0,0.0,0.0,0.0,0,0.0,0,0,0,0.0,0.0,0.0,0,0.0
55,Barkley,MID,Aston Villa,4.8,0,0,0.0,0,0,0,0.0,0.0,0.0,0,0.0,0,0,0,0,0,0,0.0,0.0,0.0,0,0.0,0,0,0,0.0,0.0,0.0,0,0.0
56,Barrenechea,MID,Aston Villa,5.0,0,0,0.0,0,0,0,0.0,0.0,0.0,0,0.0,0,0,0,0,0,0,0.0,0.0,0.0,0,0.0,0,0,0,0.0,0.0,0.0,0,0.0
57,Dobbin,MID,Aston Villa,5.0,0,0,0.0,0,0,0,0.0,0.0,0.0,0,0.0,0,0,0,0,0,0,0.0,0.0,0.0,0,0.0,0,0,0,0.0,0.0,0.0,0,0.0
60,Broggio,MID,Aston Villa,4.5,0,0,0.0,0,0,0,0.0,0.0,0.0,0,0.0,0,0,0,0,0,0,0.0,0.0,0.0,0,0.0,0,0,0,0.0,0.0,0.0,0,0.0
61,Dendoncker,MID,Aston Villa,4.5,0,0,0.0,0,0,0,0.0,0.0,0.0,0,0.0,0,0,0,0,0,0,0.0,0.0,0.0,0,0.0,0,0,0,0.0,0.0,0.0,0,0.0
62,Jimoh-Aloba,MID,Aston Villa,4.5,0,0,0.0,0,0,0,0.0,0.0,0.0,0,0.0,0,0,0,0,0,0,0.0,0.0,0.0,0,0.0,0,0,0,0.0,0.0,0.0,0,0.0
63,Young,MID,Aston Villa,4.4,0,0,0.0,0,0,0,0.0,0.0,0.0,0,0.0,0,0,0,0,0,0,0.0,0.0,0.0,0,0.0,0,0,0,0.0,0.0,0.0,0,0.0
65,Redmond,FWD,Aston Villa,4.5,0,0,0.0,0,0,0,0.0,0.0,0.0,0,0.0,0,0,0,0,0,0,0.0,0.0,0.0,0,0.0,0,0,0,0.0,0.0,0.0,0,0.0
66,Neto,GK,Bournemouth,4.5,0,0,0.0,0,0,0,0.0,0.0,0.0,0,0.0,0,0,0,0,0,0,0.0,0.0,0.0,0,0.0,0,0,0,0.0,0.0,0.0,0,0.0
68,Dennis,GK,Bournemouth,4.0,0,0,0.0,0,0,0,0.0,0.0,0.0,0,0.0,0,0,0,0,0,0,0.0,0.0,0.0,0,0.0,0,0,0,0.0,0.0,0.0,0,0.0
69,McKenna,GK,Bournemouth,4.0,0,0,0.0,0,0,0,0.0,0.0,0.0,0,0.0,0,0,0,0,0,0,0.0,0.0,0.0,0,0.0,0,0,0,0.0,0.0,0.0,0,0.0
70,Paulsen,GK,Bournemouth,4.0,0,0,0.0,0,0,0,0.0,0.0,0.0,0,0.0,0,0,0,0,0,0,0.0,0.0,0.0,0,0.0,0,0,0,0.0,0.0,0.0,0,0.0
71,Zabarnyi,DEF,Bournemouth,5.0,0,0,0.0,0,0,0,0.0,0.0,0.0,0,0.0,0,0,0,0,0,0,0.0,0.0,0.0,0,0.0,0,0,0,0.0,0.0,0.0,0,0.0
75,Akinmboni,DEF,Bournemouth,4.0,0,0,0.0,0,0,0,0.0,0.0,0.0,0,0.0,0,0,0,0,0,0,0.0,0.0,0.0,0,0.0,0,0,0,0.0,0.0,0.0,0,0.0
76,Bevan,DEF,Bournemouth,4.0,0,0,0.0,0,0,0,0.0,0.0,0.0,0,0.0,0,0,0,0,0,0,0.0,0.0,0.0,0,0.0,0,0,0,0.0,0.0,0.0,0,0.0
78,J.Araujo,DEF,Bournemouth,4.0,0,0,0.0,0,0,0,0.0,0.0,0.0,0,0.0,0,0,0,0,0,0,0.0,0.0,0.0,0,0.0,0,0,0,0.0,0.0,0.0,0,0.0
79,Mepham,DEF,Bournemouth,4.0,0,0,0.0,0,0,0,0.0,0.0,0.0,0,0.0,0,0,0,0,0,0,0.0,0.0,0.0,0,0.0,0,0,0,0.0,0.0,0.0,0,0.0
89,Philip,MID,Bournemouth,4.9,0,0,0.0,0,0,0,0.0,0.0,0.0,0,0.0,0,0,0,0,0,0,0.0,0.0,0.0,0,0.0,0,0,0,0.0,0.0,0.0,0,0.0
91,Sinisterra,MID,Bournemouth,5.0,0,0,0.0,0,0,0,0.0,0.0,0.0,0,0.0,0,0,0,0,0,0,0.0,0.0,0.0,0,0.0,0,0,0,0.0,0.0,0.0,0,0.0
92,Faivre,MID,Bournemouth,4.5,0,0,0.0,0,0,0,0.0,0.0,0.0,0,0.0,0,0,0,0,0,0,0.0,0.0,0.0,0,0.0,0,0,0,0.0,0.0,0.0,0,0.0
94,Sadi,MID,Bournemouth,4.5,0,0,0.0,0,0,0,0.0,0.0,0.0,0,0.0,0,0,0,0,0,0,0.0,0.0,0.0,0,0.0,0,0,0,0.0,0.0,0.0,0,0.0
95,Silcott-Duberry,MID,Bournemouth,4.4,0,0,0.0,0,0,0,0.0,0.0,0.0,0,0.0,0,0,0,0,0,0,0.0,0.0,0.0,0,0.0,0,0,0,0.0,0.0,0.0,0,0.0
98,Enes Ünal,FWD,Bournemouth,5.5,0,0,0.0,0,0,0,0.0,0.0,0.0,0,0.0,0,0,0,0,0,0,0.0,0.0,0.0,0,0.0,0,0,0,0.0,0.0,0.0,0,0.0
99,Adu-Adjei,FWD,Bournemouth,4.4,0,0,0.0,0,0,0,0.0,0.0,0.0,0,0.0,0,0,0,0,0,0,0.0,0.0,0.0,0,0.0,0,0,0,0.0,0.0,0.0,0,0.0
102,Balcombe,GK,Brentford,4.0,0,0,0.0,0,0,0,0.0,0.0,0.0,0,0.0,0,0,0,0,0,0,0.0,0.0,0.0,0,0.0,0,0,0,0.0,0.0,0.0,0,0.0
103,Cox,GK,Brentford,4.0,0,0,0.0,0,0,0,0.0,0.0,0.0,0,0.0,0,0,0,0,0,0,0.0,0.0,0.0,0,0.0,0,0,0,0.0,0.0,0.0,0,0.0
104,Eyestone,GK,Brentford,4.0,0,0,0.0,0,0,0,0.0,0.0,0.0,0,0.0,0,0,0,0,0,0,0.0,0.0,0.0,0,0.0,0,0,0,0.0,0.0,0.0,0,0.0
105,Valdimarsson,GK,Brentford,4.0,0,0,0.0,0,0,0,0.0,0.0,0.0,0,0.0,0,0,0,0,0,0,0.0,0.0,0.0,0,0.0,0,0,0,0.0,0.0,0.0,0,0.0
112,Roerslev,DEF,Brentford,4.5,0,0,0.0,0,0,0,0.0,0.0,0.0,0,0.0,0,0,0,0,0,0,0.0,0.0,0.0,0,0.0,0,0,0,0.0,0.0,0.0,0,0.0
114,Arthur,DEF,Brentford,4.0,0,0,0.0,0,0,0,0.0,0.0,0.0,0,0.0,0,0,0,0,0,0,0.0,0.0,0.0,0,0.0,0,0,0,0.0,0.0,0.0,0,0.0
115,Fredrick,DEF,Brentford,4.0,0,0,0.0,0,0,0,0.0,0.0,0.0,0,0.0,0,0,0,0,0,0,0.0,0.0,0.0,0,0.0,0,0,0,0.0,0.0,0.0,0,0.0
117,Ji-soo,DEF,Brentford,3.9,0,0,0.0,0,0,0,0.0,0.0,0.0,0,0.0,0,0,0,0,0,0,0.0,0.0,0.0,0,0.0,0,0,0,0.0,0.0,0.0,0,0.0
118,Meghoma,DEF,Brentford,4.0,0,0,0.0,0,0,0,0.0,0.0,0.0,0,0.0,0,0,0,0,0,0,0.0,0.0,0.0,0,0.0,0,0,0,0.0,0.0,0.0,0,0.0
127,Nunes,MID,Brentford,4.9,0,0,0.0,0,0,0,0.0,0.0,0.0,0,0.0,0,0,0,0,0,0,0.0,0.0,0.0,0,0.0,0,0,0,0.0,0.0,0.0,0,0.0
130,Donovan,MID,Brentford,4.5,0,0,0.0,0,0,0,0.0,0.0,0.0,0,0.0,0,0,0,0,0,0,0.0,0.0,0.0,0,0.0,0,0,0,0.0,0.0,0.0,0,0.0
131,Konak,MID,Brentford,4.4,0,0,0.0,0,0,0,0.0,0.0,0.0,0,0.0,0,0,0,0,0,0,0.0,0.0,0.0,0,0.0,0,0,0,0.0,0.0,0.0,0,0.0
132,Maghoma,MID,Brentford,4.5,0,0,0.0,0,0,0,0.0,0.0,0.0,0,0.0,0,0,0,0,0,0,0.0,0.0,0.0,0,0.0,0,0,0,0.0,0.0,0.0,0,0.0
133,Peart-Harris,MID,Brentford,4.5,0,0,0.0,0,0,0,0.0,0.0,0.0,0,0.0,0,0,0,0,0,0,0.0,0.0,0.0,0,0.0,0,0,0,0.0,0.0,0.0,0,0.0
134,Trevitt,MID,Brentford,4.5,0,0,0.0,0,0,0,0.0,0.0,0.0,0,0.0,0,0,0,0,0,0,0.0,0.0,0.0,0,0.0,0,0,0,0.0,0.0,0.0,0,0.0
135,Wissa,FWD,Newcastle Utd,7.4,0,0,0.0,0,0,0,0.0,0.0,0.0,0,0.0,0,0,0,0,0,0,0.0,0.0,0.0,0,0.0,0,0,0,0.0,0.0,0.0,0,0.0
137,Morgan,FWD,Brentford,4.4,0,0,0.0,0,0,0,0.0,0.0,0.0,0,0.0,0,0,0,0,0,0,0.0,0.0,0.0,0,0.0,0,0,0,0.0,0.0,0.0,0,0.0
138,Steele,GK,Brighton,4.4,0,0,0.0,0,0,0,0.0,0.0,0.0,0,0.0,0,0,0,0,0,0,0.0,0.0,0.0,0,0.0,0,0,0,0.0,0.0,0.0,0,0.0
140,McGill,GK,Brighton,4.0,0,0,0.0,0,0,0,0.0,0.0,0.0,0,0.0,0,0,0,0,0,0,0.0,0.0,0.0,0,0.0,0,0,0,0.0,0.0,0.0,0,0.0
141,Rushworth,GK,Brighton,4.0,0,0,0.0,0,0,0,0.0,0.0,0.0,0,0.0,0,0,0,0,0,0,0.0,0.0,0.0,0,0.0,0,0,0,0.0,0.0,0.0,0,0.0
142,Scherpen,GK,Brighton,4.0,0,0,0.0,0,0,0,0.0,0.0,0.0,0,0.0,0,0,0,0,0,0,0.0,0.0,0.0,0,0.0,0,0,0,0.0,0.0,0.0,0,0.0
143,Boscagli,DEF,Brighton,4.4,0,0,0.0,0,0,0,0.0,0.0,0.0,0,0.0,0,0,0,0,0,0,0.0,0.0,0.0,0,0.0,0,0,0,0.0,0.0,0.0,0,0.0
147,Estupiñan,DEF,Brighton,4.5,0,0,0.0,0,0,0,0.0,0.0,0.0,0,0.0,0,0,0,0,0,0,0.0,0.0,0.0,0,0.0,0,0,0,0.0,0.0,0.0,0,0.0
149,Igor,DEF,West Ham,4.5,0,0,0.0,0,0,0,0.0,0.0,0.0,0,0.0,0,0,0,0,0,0,0.0,0.0,0.0,0,0.0,0,0,0,0.0,0.0,0.0,0,0.0
150,Lamptey,DEF,Brighton,4.4,0,0,0.0,0,0,0,0.0,0.0,0.0,0,0.0,0,0,0,0,0,0,0.0,0.0,0.0,0,0.0,0,0,0,0.0,0.0,0.0,0,0.0
153,Webster,DEF,Brighton,4.4,0,0,0.0,0,0,0,0.0,0.0,0.0,0,0.0,0,0,0,0,0,0,0.0,0.0,0.0,0,0.0,0,0,0,0.0,0.0,0.0,0,0.0
154,Cashin,DEF,Brighton,4.0,0,0,0.0,0,0,0,0.0,0.0,0.0,0,0.0,0,0,0,0,0,0,0.0,0.0,0.0,0,0.0,0,0,0,0.0,0.0,0.0,0,0.0
155,Slater,DEF,Brighton,4.0,0,0,0.0,0,0,0,0.0,0.0,0.0,0,0.0,0,0,0,0,0,0,0.0,0.0,0.0,0,0.0,0,0,0,0.0,0.0,0.0,0,0.0
156,Tasker,DEF,Brighton,4.0,0,0,0.0,0,0,0,0.0,0.0,0.0,0,0.0,0,0,0,0,0,0,0.0,0.0,0.0,0,0.0,0,0,0,0.0,0.0,0.0,0,0.0
159,March,MID,Brighton,5.8,0,0,0.0,0,0,0,0.0,0.0,0.0,0,0.0,0,0,0,0,0,0,0.0,0.0,0.0,0,0.0,0,0,0,0.0,0.0,0.0,0,0.0
161,Enciso,MID,Brighton,5.4,0,0,0.0,0,0,0,0.0,0.0,0.0,0,0.0,0,0,0,0,0,0,0.0,0.0,0.0,0,0.0,0,0,0,0.0,0.0,0.0,0,0.0
165,Sima,MID,Brighton,5.4,0,0,0.0,0,0,0,0.0,0.0,0.0,0,0.0,0,0,0,0,0,0,0.0,0.0,0.0,0,0.0,0,0,0,0.0,0.0,0.0,0,0.0
171,Sarmiento,MID,Brighton,4.9,0,0,0.0,0,0,0,0.0,0.0,0.0,0,0.0,0,0,0,0,0,0,0.0,0.0,0.0,0,0.0,0,0,0,0.0,0.0,0.0,0,0.0
172,Watson,MID,Brighton,4.9,0,0,0.0,0,0,0,0.0,0.0,0.0,0,0.0,0,0,0,0,0,0,0.0,0.0,0.0,0,0.0,0,0,0,0.0,0.0,0.0,0,0.0
174,Yalcouye,MID,Brighton,5.0,0,0,0.0,0,0,0,0.0,0.0,0.0,0,0.0,0,0,0,0,0,0,0.0,0.0,0.0,0,0.0,0,0,0,0.0,0.0,0.0,0,0.0
175,Knight,MID,Brighton,4.5,0,0,0.0,0,0,0,0.0,0.0,0.0,0,0.0,0,0,0,0,0,0,0.0,0.0,0.0,0,0.0,0,0,0,0.0,0.0,0.0,0,0.0
176,Mazilu,MID,Brighton,4.5,0,0,0.0,0,0,0,0.0,0.0,0.0,0,0.0,0,0,0,0,0,0,0.0,0.0,0.0,0,0.0,0,0,0,0.0,0.0,0.0,0,0.0
177,Moran,MID,Brighton,4.5,0,0,0.0,0,0,0,0.0,0.0,0.0,0,0.0,0,0,0,0,0,0,0.0,0.0,0.0,0,0.0,0,0,0,0.0,0.0,0.0,0,0.0
179,Ferguson,FWD,Brighton,5.5,0,0,0.0,0,0,0,0.0,0.0,0.0,0,0.0,0,0,0,0,0,0,0.0,0.0,0.0,0,0.0,0,0,0,0.0,0.0,0.0,0,0.0
181,Kostoulas,FWD,Brighton,4.9,0,0,0.0,0,0,0,0.0,0.0,0.0,0,0.0,0,0,0,0,0,0,0.0,0.0,0.0,0,0.0,0,0,0,0.0,0.0,0.0,0,0.0
183,Weiss,GK,Burnley,4.4,0,0,0.0,0,0,0,0.0,0.0,0.0,0,0.0,0,0,0,0,0,0,0.0,0.0,0.0,0,0.0,0,0,0,0.0,0.0,0.0,0,0.0
184,Green,GK,Burnley,4.0,0,0,0.0,0,0,0,0.0,0.0,0.0,0,0.0,0,0,0,0,0,0,0.0,0.0,0.0,0,0.0,0,0,0,0.0,0.0,0.0,0,0.0
185,Hladký,GK,Burnley,4.0,0,0,0.0,0,0,0,0.0,0.0,0.0,0,0.0,0,0,0,0,0,0,0.0,0.0,0.0,0,0.0,0,0,0,0.0,0.0,0.0,0,0.0
186,Roberts,DEF,Burnley,4.4,0,0,0.0,0,0,0,0.0,0.0,0.0,0,0.0,0,0,0,0,0,0,0.0,0.0,0.0,0,0.0,0,0,0,0.0,0.0,0.0,0,0.0
188,Delcroix,DEF,Burnley,3.9,0,0,0.0,0,0,0,0.0,0.0,0.0,0,0.0,0,0,0,0,0,0,0.0,0.0,0.0,0,0.0,0,0,0,0.0,0.0,0.0,0,0.0
189,Dodgson,DEF,Burnley,4.0,0,0,0.0,0,0,0,0.0,0.0,0.0,0,0.0,0,0,0,0,0,0,0.0,0.0,0.0,0,0.0,0,0,0,0.0,0.0,0.0,0,0.0
193,Humphreys,DEF,Burnley,4.0,0,0,0.0,0,0,0,0.0,0.0,0.0,0,0.0,0,0,0,0,0,0,0.0,0.0,0.0,0,0.0,0,0,0,0.0,0.0,0.0,0,0.0
194,Jordan,DEF,Burnley,4.0,0,0,0.0,0,0,0,0.0,0.0,0.0,0,0.0,0,0,0,0,0,0,0.0,0.0,0.0,0,0.0,0,0,0,0.0,0.0,0.0,0,0.0
195,Lucas Pires,DEF,Burnley,3.9,0,0,0.0,0,0,0,0.0,0.0,0.0,0,0.0,0,0,0,0,0,0,0.0,0.0,0.0,0,0.0,0,0,0,0.0,0.0,0.0,0,0.0
196,Sambo,DEF,Burnley,4.0,0,0,0.0,0,0,0,0.0,0.0,0.0,0,0.0,0,0,0,0,0,0,0.0,0.0,0.0,0,0.0,0,0,0,0.0,0.0,0.0,0,0.0
198,Tuanzebe,DEF,Burnley,3.9,0,0,0.0,0,0,0,0.0,0.0,0.0,0,0.0,0,0,0,0,0,0,0.0,0.0,0.0,0,0.0,0,0,0,0.0,0.0,0.0,0,0.0
201,Benson,MID,Burnley,5.4,0,0,0.0,0,0,0,0.0,0.0,0.0,0,0.0,0,0,0,0,0,0,0.0,0.0,0.0,0,0.0,0,0,0,0.0,0.0,0.0,0,0.0
203,Boateng,MID,Burnley,4.9,0,0,0.0,0,0,0,0.0,0.0,0.0,0,0.0,0,0,0,0,0,0,0.0,0.0,0.0,0,0.0,0,0,0,0.0,0.0,0.0,0,0.0
204,Churlinov,MID,Burnley,4.9,0,0,0.0,0,0,0,0.0,0.0,0.0,0,0.0,0,0,0,0,0,0,0.0,0.0,0.0,0,0.0,0,0,0,0.0,0.0,0.0,0,0.0
208,Koleosho,MID,Burnley,5.0,0,0,0.0,0,0,0,0.0,0.0,0.0,0,0.0,0,0,0,0,0,0,0.0,0.0,0.0,0,0.0,0,0,0,0.0,0.0,0.0,0,0.0
211,A.Ramsey,MID,Burnley,4.4,0,0,0.0,0,0,0,0.0,0.0,0.0,0,0.0,0,0,0,0,0,0,0.0,0.0,0.0,0,0.0,0,0,0,0.0,0.0,0.0,0,0.0
212,Adewumi,MID,Burnley,4.5,0,0,0.0,0,0,0,0.0,0.0,0.0,0,0.0,0,0,0,0,0,0,0.0,0.0,0.0,0,0.0,0,0,0,0.0,0.0,0.0,0,0.0
213,Banel,MID,Burnley,4.5,0,0,0.0,0,0,0,0.0,0.0,0.0,0,0.0,0,0,0,0,0,0,0.0,0.0,0.0,0,0.0,0,0,0,0.0,0.0,0.0,0,0.0
214,Trésor,MID,Burnley,4.4,0,0,0.0,0,0,0,0.0,0.0,0.0,0,0.0,0,0,0,0,0,0,0.0,0.0,0.0,0,0.0,0,0,0,0.0,0.0,0.0,0,0.0
216,Amdouni,FWD,Burnley,4.9,0,0,0.0,0,0,0,0.0,0.0,0.0,0,0.0,0,0,0,0,0,0,0.0,0.0,0.0,0,0.0,0,0,0,0.0,0.0,0.0,0,0.0
218,Barnes,FWD,Burnley,4.4,0,0,0.0,0,0,0,0.0,0.0,0.0,0,0.0,0,0,0,0,0,0,0.0,0.0,0.0,0,0.0,0,0,0,0.0,0.0,0.0,0,0.0
219,Obafemi,FWD,Burnley,4.4,0,0,0.0,0,0,0,0.0,0.0,0.0,0,0.0,0,0,0,0,0,0,0.0,0.0,0.0,0,0.0,0,0,0,0.0,0.0,0.0,0,0.0
222,Penders,GK,Chelsea,4.0,0,0,0.0,0,0,0,0.0,0.0,0.0,0,0.0,0,0,0,0,0,0,0.0,0.0,0.0,0,0.0,0,0,0,0.0,0.0,0.0,0,0.0
223,Slonina,GK,Chelsea,4.0,0,0,0.0,0,0,0,0.0,0.0,0.0,0,0.0,0,0,0,0,0,0,0.0,0.0,0.0,0,0.0,0,0,0,0.0,0.0,0.0,0,0.0
227,Colwill,DEF,Chelsea,4.8,0,0,0.0,0,0,0,0.0,0.0,0.0,0,0.0,0,0,0,0,0,0,0.0,0.0,0.0,0,0.0,0,0,0,0.0,0.0,0.0,0,0.0
229,B.Badiashile,DEF,Chelsea,4.4,0,0,0.0,0,0,0,0.0,0.0,0.0,0,0.0,0,0,0,0,0,0,0.0,0.0,0.0,0,0.0,0,0,0,0.0,0.0,0.0,0,0.0
231,M.Sarr,DEF,Chelsea,4.5,0,0,0.0,0,0,0,0.0,0.0,0.0,0,0.0,0,0,0,0,0,0,0.0,0.0,0.0,0,0.0,0,0,0,0.0,0.0,0.0,0,0.0
234,Anselmino,DEF,Chelsea,4.0,0,0,0.0,0,0,0,0.0,0.0,0.0,0,0.0,0,0,0,0,0,0,0.0,0.0,0.0,0,0.0,0,0,0,0.0,0.0,0.0,0,0.0
240,Nkunku,MID,Chelsea,5.9,0,0,0.0,0,0,0,0.0,0.0,0.0,0,0.0,0,0,0,0,0,0,0.0,0.0,0.0,0,0.0,0,0,0,0.0,0.0,0.0,0,0.0
244,Lavia,MID,Chelsea,4.9,0,0,0.0,0,0,0,0.0,0.0,0.0,0,0.0,0,0,0,0,0,0,0.0,0.0,0.0,0,0.0,0,0,0,0.0,0.0,0.0,0,0.0
245,Mudryk,MID,Chelsea,5.0,0,0,0.0,0,0,0,0.0,0.0,0.0,0,0.0,0,0,0,0,0,0,0.0,0.0,0.0,0,0.0,0,0,0,0.0,0.0,0.0,0,0.0
247,D.Essugo,MID,Chelsea,4.4,0,0,0.0,0,0,0,0.0,0.0,0.0,0,0.0,0,0,0,0,0,0,0.0,0.0,0.0,0,0.0,0,0,0,0.0,0.0,0.0,0,0.0
248,Paez,MID,Chelsea,4.5,0,0,0.0,0,0,0,0.0,0.0,0.0,0,0.0,0,0,0,0,0,0,0.0,0.0,0.0,0,0.0,0,0,0,0.0,0.0,0.0,0,0.0
251,N.Jackson,FWD,Chelsea,6.5,0,0,0.0,0,0,0,0.0,0.0,0.0,0,0.0,0,0,0,0,0,0,0.0,0.0,0.0,0,0.0,0,0,0,0.0,0.0,0.0,0,0.0
254,Benitez,GK,Crystal Palace,4.0,0,0,0.0,0,0,0,0.0,0.0,0.0,0,0.0,0,0,0,0,0,0,0.0,0.0,0.0,0,0.0,0,0,0,0.0,0.0,0.0,0,0.0
255,Matthews,GK,Crystal Palace,4.0,0,0,0.0,0,0,0,0.0,0.0,0.0,0,0.0,0,0,0,0,0,0,0.0,0.0,0.0,0,0.0,0,0,0,0.0,0.0,0.0,0,0.0
259,Sosa,DEF,Crystal Palace,4.9,0,0,0.0,0,0,0,0.0,0.0,0.0,0,0.0,0,0,0,0,0,0,0.0,0.0,0.0,0,0.0,0,0,0,0.0,0.0,0.0,0,0.0
262,Chadi Riad,DEF,Crystal Palace,4.0,0,0,0.0,0,0,0,0.0,0.0,0.0,0,0.0,0,0,0,0,0,0,0.0,0.0,0.0,0,0.0,0,0,0,0.0,0.0,0.0,0,0.0
264,Holding,DEF,Crystal Palace,4.0,0,0,0.0,0,0,0,0.0,0.0,0.0,0,0.0,0,0,0,0,0,0,0.0,0.0,0.0,0,0.0,0,0,0,0.0,0.0,0.0,0,0.0
265,Kporha,DEF,Crystal Palace,4.0,0,0,0.0,0,0,0,0.0,0.0,0.0,0,0.0,0,0,0,0,0,0,0.0,0.0,0.0,0,0.0,0,0,0,0.0,0.0,0.0,0,0.0
268,Doucouré,MID,Crystal Palace,4.9,0,0,0.0,0,0,0,0.0,0.0,0.0,0,0.0,0,0,0,0,0,0,0.0,0.0,0.0,0,0.0,0,0,0,0.0,0.0,0.0,0,0.0
274,Agbinone,MID,Crystal Palace,4.5,0,0,0.0,0,0,0,0.0,0.0,0.0,0,0.0,0,0,0,0,0,0,0.0,0.0,0.0,0,0.0,0,0,0,0.0,0.0,0.0,0,0.0
275,Ahamada,MID,Crystal Palace,4.4,0,0,0.0,0,0,0,0.0,0.0,0.0,0,0.0,0,0,0,0,0,0,0.0,0.0,0.0,0,0.0,0,0,0,0.0,0.0,0.0,0,0.0
277,Ebiowei,MID,Crystal Palace,4.5,0,0,0.0,0,0,0,0.0,0.0,0.0,0,0.0,0,0,0,0,0,0,0.0,0.0,0.0,0,0.0,0,0,0,0.0,0.0,0.0,0,0.0
278,J.Rak-Sakyi,MID,Crystal Palace,4.4,0,0,0.0,0,0,0,0.0,0.0,0.0,0,0.0,0,0,0,0,0,0,0.0,0.0,0.0,0,0.0,0,0,0,0.0,0.0,0.0,0,0.0
279,M.França,MID,Crystal Palace,4.5,0,0,0.0,0,0,0,0.0,0.0,0.0,0,0.0,0,0,0,0,0,0,0.0,0.0,0.0,0,0.0,0,0,0,0.0,0.0,0.0,0,0.0
280,Ozoh,MID,Crystal Palace,4.5,0,0,0.0,0,0,0,0.0,0.0,0.0,0,0.0,0,0,0,0,0,0,0.0,0.0,0.0,0,0.0,0,0,0,0.0,0.0,0.0,0,0.0
281,Rodney,MID,Crystal Palace,4.5,0,0,0.0,0,0,0,0.0,0.0,0.0,0,0.0,0,0,0,0,0,0,0.0,0.0,0.0,0,0.0,0,0,0,0.0,0.0,0.0,0,0.0
282,Umeh,MID,Crystal Palace,4.5,0,0,0.0,0,0,0,0.0,0.0,0.0,0,0.0,0,0,0,0,0,0,0.0,0.0,0.0,0,0.0,0,0,0,0.0,0.0,0.0,0,0.0
286,Marsh,FWD,Crystal Palace,4.5,0,0,0.0,0,0,0,0.0,0.0,0.0,0,0.0,0,0,0,0,0,0,0.0,0.0,0.0,0,0.0,0,0,0,0.0,0.0,0.0,0,0.0
288,Travers,GK,Everton,4.5,0,0,0.0,0,0,0,0.0,0.0,0.0,0,0.0,0,0,0,0,0,0,0.0,0.0,0.0,0,0.0,0,0,0,0.0,0.0,0.0,0,0.0
289,Tyrer,GK,Everton,4.0,0,0,0.0,0,0,0,0.0,0.0,0.0,0,0.0,0,0,0,0,0,0,0.0,0.0,0.0,0,0.0,0,0,0,0.0,0.0,0.0,0,0.0
290,Branthwaite,DEF,Everton,5.3,0,0,0.0,0,0,0,0.0,0.0,0.0,0,0.0,0,0,0,0,0,0,0.0,0.0,0.0,0,0.0,0,0,0,0.0,0.0,0.0,0,0.0
296,Patterson,DEF,Everton,4.4,0,0,0.0,0,0,0,0.0,0.0,0.0,0,0.0,0,0,0,0,0,0,0.0,0.0,0.0,0,0.0,0,0,0,0.0,0.0,0.0,0,0.0
297,Dixon,DEF,Everton,4.0,0,0,0.0,0,0,0,0.0,0.0,0.0,0,0.0,0,0,0,0,0,0,0.0,0.0,0.0,0,0.0,0,0,0,0.0,0.0,0.0,0,0.0
298,Welch,DEF,Everton,3.9,0,0,0.0,0,0,0,0.0,0.0,0.0,0,0.0,0,0,0,0,0,0,0.0,0.0,0.0,0,0.0,0,0,0,0.0,0.0,0.0,0,0.0
306,Bates,MID,Everton,4.5,0,0,0.0,0,0,0,0.0,0.0,0.0,0,0.0,0,0,0,0,0,0,0.0,0.0,0.0,0,0.0,0,0,0,0.0,0.0,0.0,0,0.0
307,Ebere,MID,Everton,4.5,0,0,0.0,0,0,0,0.0,0.0,0.0,0,0.0,0,0,0,0,0,0,0.0,0.0,0.0,0,0.0,0,0,0,0.0,0.0,0.0,0,0.0
308,Heath,MID,Everton,4.5,0,0,0.0,0,0,0,0.0,0.0,0.0,0,0.0,0,0,0,0,0,0,0.0,0.0,0.0,0,0.0,0,0,0,0.0,0.0,0.0,0,0.0
309,Metcalfe,MID,Everton,4.5,0,0,0.0,0,0,0,0.0,0.0,0.0,0,0.0,0,0,0,0,0,0,0.0,0.0,0.0,0,0.0,0,0,0,0.0,0.0,0.0,0,0.0
312,Y.Chermiti,FWD,Everton,4.9,0,0,0.0,0,0,0,0.0,0.0,0.0,0,0.0,0,0,0,0,0,0,0.0,0.0,0.0,0,0.0,0,0,0,0.0,0.0,0.0,0,0.0
313,Sherif,FWD,Everton,4.4,0,0,0.0,0,0,0,0.0,0.0,0.0,0,0.0,0,0,0,0,0,0,0.0,0.0,0.0,0,0.0,0,0,0,0.0,0.0,0.0,0,0.0
315,Benda,GK,Fulham,4.0,0,0,0.0,0,0,0,0.0,0.0,0.0,0,0.0,0,0,0,0,0,0,0.0,0.0,0.0,0,0.0,0,0,0,0.0,0.0,0.0,0,0.0
320,Diop,DEF,Fulham,4.4,0,0,0.0,0,0,0,0.0,0.0,0.0,0,0.0,0,0,0,0,0,0,0.0,0.0,0.0,0,0.0,0,0,0,0.0,0.0,0.0,0,0.0
323,Amissah,DEF,Fulham,3.9,0,0,0.0,0,0,0,0.0,0.0,0.0,0,0.0,0,0,0,0,0,0,0.0,0.0,0.0,0,0.0,0,0,0,0.0,0.0,0.0,0,0.0
327,Andreas,MID,Fulham,5.3,0,0,0.0,0,0,0,0.0,0.0,0.0,0,0.0,0,0,0,0,0,0,0.0,0.0,0.0,0,0.0,0,0,0,0.0,0.0,0.0,0,0.0
333,Godo,MID,Fulham,4.5,0,0,0.0,0,0,0,0.0,0.0,0.0,0,0.0,0,0,0,0,0,0,0.0,0.0,0.0,0,0.0,0,0,0,0.0,0.0,0.0,0,0.0
334,Harris,MID,Fulham,4.5,0,0,0.0,0,0,0,0.0,0.0,0.0,0,0.0,0,0,0,0,0,0,0.0,0.0,0.0,0,0.0,0,0,0,0.0,0.0,0.0,0,0.0
336,Reed,MID,Fulham,4.4,0,0,0.0,0,0,0,0.0,0.0,0.0,0,0.0,0,0,0,0,0,0,0.0,0.0,0.0,0,0.0,0,0,0,0.0,0.0,0.0,0,0.0
339,Meslier,GK,Leeds United,4.4,0,0,0.0,0,0,0,0.0,0.0,0.0,0,0.0,0,0,0,0,0,0,0.0,0.0,0.0,0,0.0,0,0,0,0.0,0.0,0.0,0,0.0
340,Cairns,GK,Leeds United,4.0,0,0,0.0,0,0,0,0.0,0.0,0.0,0,0.0,0,0,0,0,0,0,0.0,0.0,0.0,0,0.0,0,0,0,0.0,0.0,0.0,0,0.0
344,Bijol,DEF,Leeds United,4.0,0,0,0.0,0,0,0,0.0,0.0,0.0,0,0.0,0,0,0,0,0,0,0.0,0.0,0.0,0,0.0,0,0,0,0.0,0.0,0.0,0,0.0
345,Bornauw,DEF,Leeds United,3.9,0,0,0.0,0,0,0,0.0,0.0,0.0,0,0.0,0,0,0,0,0,0,0.0,0.0,0.0,0,0.0,0,0,0,0.0,0.0,0.0,0,0.0
349,Schmidt,DEF,Leeds United,4.0,0,0,0.0,0,0,0,0.0,0.0,0.0,0,0.0,0,0,0,0,0,0,0.0,0.0,0.0,0,0.0,0,0,0,0.0,0.0,0.0,0,0.0
355,Greenwood,MID,Leeds United,4.9,0,0,0.0,0,0,0,0.0,0.0,0.0,0,0.0,0,0,0,0,0,0,0.0,0.0,0.0,0,0.0,0,0,0,0.0,0.0,0.0,0,0.0
357,Ramazani,MID,Leeds United,4.9,0,0,0.0,0,0,0,0.0,0.0,0.0,0,0.0,0,0,0,0,0,0,0.0,0.0,0.0,0,0.0,0,0,0,0.0,0.0,0.0,0,0.0
359,Crew,MID,Leeds United,4.5,0,0,0.0,0,0,0,0.0,0.0,0.0,0,0.0,0,0,0,0,0,0,0.0,0.0,0.0,0,0.0,0,0,0,0.0,0.0,0.0,0,0.0
360,Gelhardt,MID,Leeds United,4.5,0,0,0.0,0,0,0,0.0,0.0,0.0,0,0.0,0,0,0,0,0,0,0.0,0.0,0.0,0,0.0,0,0,0,0.0,0.0,0.0,0,0.0
361,Gyabi,MID,Leeds United,4.5,0,0,0.0,0,0,0,0.0,0.0,0.0,0,0.0,0,0,0,0,0,0,0.0,0.0,0.0,0,0.0,0,0,0,0.0,0.0,0.0,0,0.0
363,Bamford,FWD,Leeds United,4.9,0,0,0.0,0,0,0,0.0,0.0,0.0,0,0.0,0,0,0,0,0,0,0.0,0.0,0.0,0,0.0,0,0,0,0.0,0.0,0.0,0,0.0
364,Mateo Joseph,FWD,Leeds United,5.0,0,0,0.0,0,0,0,0.0,0.0,0.0,0,0.0,0,0,0,0,0,0,0.0,0.0,0.0,0,0.0,0,0,0,0.0,0.0,0.0,0,0.0
367,Mamardashvili,GK,Liverpool,4.3,0,0,0.0,0,0,0,0.0,0.0,0.0,0,0.0,0,0,0,0,0,0,0.0,0.0,0.0,0,0.0,0,0,0,0.0,0.0,0.0,0,0.0
368,Pécsi,GK,Liverpool,3.9,0,0,0.0,0,0,0,0.0,0.0,0.0,0,0.0,0,0,0,0,0,0,0.0,0.0,0.0,0,0.0,0,0,0,0.0,0.0,0.0,0,0.0
369,Woodman,GK,Liverpool,4.0,0,0,0.0,0,0,0,0.0,0.0,0.0,0,0.0,0,0,0,0,0,0,0.0,0.0,0.0,0,0.0,0,0,0,0.0,0.0,0.0,0,0.0
377,Tsimikas,DEF,Liverpool,4.8,0,0,0.0,0,0,0,0.0,0.0,0.0,0,0.0,0,0,0,0,0,0,0.0,0.0,0.0,0,0.0,0,0,0,0.0,0.0,0.0,0,0.0
378,Nallo,DEF,Liverpool,3.9,0,0,0.0,0,0,0,0.0,0.0,0.0,0,0.0,0,0,0,0,0,0,0.0,0.0,0.0,0,0.0,0,0,0,0.0,0.0,0.0,0,0.0
379,R.Williams,DEF,Liverpool,3.9,0,0,0.0,0,0,0,0.0,0.0,0.0,0,0.0,0,0,0,0,0,0,0.0,0.0,0.0,0,0.0,0,0,0,0.0,0.0,0.0,0,0.0
380,Ramsay,DEF,Liverpool,3.9,0,0,0.0,0,0,0,0.0,0.0,0.0,0,0.0,0,0,0,0,0,0,0.0,0.0,0.0,0,0.0,0,0,0,0.0,0.0,0.0,0,0.0
383,Luis Díaz,MID,Liverpool,8.0,0,0,0.0,0,0,0,0.0,0.0,0.0,0,0.0,0,0,0,0,0,0,0.0,0.0,0.0,0,0.0,0,0,0,0.0,0.0,0.0,0,0.0
391,Gannon-Doak,MID,Bournemouth,5.0,0,0,0.0,0,0,0,0.0,0.0,0.0,0,0.0,0,0,0,0,0,0,0.0,0.0,0.0,0,0.0,0,0,0,0.0,0.0,0.0,0,0.0
393,Bajcetic,MID,Liverpool,4.4,0,0,0.0,0,0,0,0.0,0.0,0.0,0,0.0,0,0,0,0,0,0,0.0,0.0,0.0,0,0.0,0,0,0,0.0,0.0,0.0,0,0.0
394,McConnell,MID,Liverpool,4.4,0,0,0.0,0,0,0,0.0,0.0,0.0,0,0.0,0,0,0,0,0,0,0.0,0.0,0.0,0,0.0,0,0,0,0.0,0.0,0.0,0,0.0
395,Morton,MID,Liverpool,4.5,0,0,0.0,0,0,0,0.0,0.0,0.0,0,0.0,0,0,0,0,0,0,0.0,0.0,0.0,0,0.0,0,0,0,0.0,0.0,0.0,0,0.0
396,Nyoni,MID,Liverpool,4.4,0,0,0.0,0,0,0,0.0,0.0,0.0,0,0.0,0,0,0,0,0,0,0.0,0.0,0.0,0,0.0,0,0,0,0.0,0.0,0.0,0,0.0
397,Darwin,FWD,Liverpool,6.5,0,0,0.0,0,0,0,0.0,0.0,0.0,0,0.0,0,0,0,0,0,0,0.0,0.0,0.0,0,0.0,0,0,0,0.0,0.0,0.0,0,0.0
398,Danns,FWD,Liverpool,4.4,0,0,0.0,0,0,0,0.0,0.0,0.0,0,0.0,0,0,0,0,0,0,0.0,0.0,0.0,0,0.0,0,0,0,0.0,0.0,0.0,0,0.0
399,Ederson M.,GK,Manchester City,5.3,0,0,0.0,0,0,0,0.0,0.0,0.0,0,0.0,0,0,0,0,0,0,0.0,0.0,0.0,0,0.0,0,0,0,0.0,0.0,0.0,0,0.0
400,Ortega Moreno,GK,Manchester City,4.9,0,0,0.0,0,0,0,0.0,0.0,0.0,0,0.0,0,0,0,0,0,0,0.0,0.0,0.0,0,0.0,0,0,0,0.0,0.0,0.0,0,0.0
401,Bettinelli,GK,Manchester City,4.0,0,0,0.0,0,0,0,0.0,0.0,0.0,0,0.0,0,0,0,0,0,0,0.0,0.0,0.0,0,0.0,0,0,0,0.0,0.0,0.0,0,0.0
404,Akanji,DEF,Manchester City,5.4,0,0,0.0,0,0,0,0.0,0.0,0.0,0,0.0,0,0,0,0,0,0,0.0,0.0,0.0,0,0.0,0,0,0,0.0,0.0,0.0,0,0.0
412,Vitor Reis,DEF,Manchester City,5.0,0,0,0.0,0,0,0,0.0,0.0,0.0,0,0.0,0,0,0,0,0,0,0.0,0.0,0.0,0,0.0,0,0,0,0.0,0.0,0.0,0,0.0
420,Gündoğan,MID,Manchester City,6.3,0,0,0.0,0,0,0,0.0,0.0,0.0,0,0.0,0,0,0,0,0,0,0.0,0.0,0.0,0,0.0,0,0,0,0.0,0.0,0.0,0,0.0
422,Kovačić,MID,Manchester City,5.9,0,0,0.0,0,0,0,0.0,0.0,0.0,0,0.0,0,0,0,0,0,0,0.0,0.0,0.0,0,0.0,0,0,0,0.0,0.0,0.0,0,0.0
425,Echeverri,MID,Manchester City,5.4,0,0,0.0,0,0,0,0.0,0.0,0.0,0,0.0,0,0,0,0,0,0,0.0,0.0,0.0,0,0.0,0,0,0,0.0,0.0,0.0,0,0.0
428,Nypan,MID,Manchester City,5.0,0,0,0.0,0,0,0,0.0,0.0,0.0,0,0.0,0,0,0,0,0,0,0.0,0.0,0.0,0,0.0,0,0,0,0.0,0.0,0.0,0,0.0
429,Phillips,MID,Manchester City,4.9,0,0,0.0,0,0,0,0.0,0.0,0.0,0,0.0,0,0,0,0,0,0,0.0,0.0,0.0,0,0.0,0,0,0,0.0,0.0,0.0,0,0.0
432,Onana,GK,Manchester Utd,4.9,0,0,0.0,0,0,0,0.0,0.0,0.0,0,0.0,0,0,0,0,0,0,0.0,0.0,0.0,0,0.0,0,0,0,0.0,0.0,0.0,0,0.0
433,Harrison,GK,Manchester Utd,4.0,0,0,0.0,0,0,0,0.0,0.0,0.0,0,0.0,0,0,0,0,0,0,0.0,0.0,0.0,0,0.0,0,0,0,0.0,0.0,0.0,0,0.0
434,Heaton,GK,Manchester Utd,4.0,0,0,0.0,0,0,0,0.0,0.0,0.0,0,0.0,0,0,0,0,0,0,0.0,0.0,0.0,0,0.0,0,0,0,0.0,0.0,0.0,0,0.0
435,Mee,GK,Manchester Utd,4.0,0,0,0.0,0,0,0,0.0,0.0,0.0,0,0.0,0,0,0,0,0,0,0.0,0.0,0.0,0,0.0,0,0,0,0.0,0.0,0.0,0,0.0
437,Martinez,DEF,Manchester Utd,4.9,0,0,0.0,0,0,0,0.0,0.0,0.0,0,0.0,0,0,0,0,0,0,0.0,0.0,0.0,0,0.0,0,0,0,0.0,0.0,0.0,0,0.0
439,D.Leon,DEF,Manchester Utd,4.3,0,0,0.0,0,0,0,0.0,0.0,0.0,0,0.0,0,0,0,0,0,0,0.0,0.0,0.0,0,0.0,0,0,0,0.0,0.0,0.0,0,0.0
445,Amass,DEF,Manchester Utd,4.0,0,0,0.0,0,0,0,0.0,0.0,0.0,0,0.0,0,0,0,0,0,0,0.0,0.0,0.0,0,0.0,0,0,0,0.0,0.0,0.0,0,0.0
446,Fredricson,DEF,Manchester Utd,3.9,0,0,0.0,0,0,0,0.0,0.0,0.0,0,0.0,0,0,0,0,0,0,0.0,0.0,0.0,0,0.0,0,0,0,0.0,0.0,0.0,0,0.0
448,Malacia,DEF,Manchester Utd,3.9,0,0,0.0,0,0,0,0.0,0.0,0.0,0,0.0,0,0,0,0,0,0,0.0,0.0,0.0,0,0.0,0,0,0,0.0,0.0,0.0,0,0.0
451,Rashford,MID,Manchester Utd,7.0,0,0,0.0,0,0,0,0.0,0.0,0.0,0,0.0,0,0,0,0,0,0,0.0,0.0,0.0,0,0.0,0,0,0,0.0,0.0,0.0,0,0.0
454,Antony,MID,Manchester Utd,5.9,0,0,0.0,0,0,0,0.0,0.0,0.0,0,0.0,0,0,0,0,0,0,0.0,0.0,0.0,0,0.0,0,0,0,0.0,0.0,0.0,0,0.0
460,Collyer,MID,Manchester Utd,4.5,0,0,0.0,0,0,0,0.0,0.0,0.0,0,0.0,0,0,0,0,0,0,0.0,0.0,0.0,0,0.0,0,0,0,0.0,0.0,0.0,0,0.0
461,Fitzgerald,MID,Manchester Utd,4.4,0,0,0.0,0,0,0,0.0,0.0,0.0,0,0.0,0,0,0,0,0,0,0.0,0.0,0.0,0,0.0,0,0,0,0.0,0.0,0.0,0,0.0
462,J.Fletcher,MID,Manchester Utd,4.4,0,0,0.0,0,0,0,0.0,0.0,0.0,0,0.0,0,0,0,0,0,0,0.0,0.0,0.0,0,0.0,0,0,0,0.0,0.0,0.0,0,0.0
463,Kone,MID,Manchester Utd,4.4,0,0,0.0,0,0,0,0.0,0.0,0.0,0,0.0,0,0,0,0,0,0,0.0,0.0,0.0,0,0.0,0,0,0,0.0,0.0,0.0,0,0.0
464,Moorhouse,MID,Manchester Utd,4.5,0,0,0.0,0,0,0,0.0,0.0,0.0,0,0.0,0,0,0,0,0,0,0.0,0.0,0.0,0,0.0,0,0,0,0.0,0.0,0.0,0,0.0
465,Højlund,FWD,Manchester Utd,6.3,0,0,0.0,0,0,0,0.0,0.0,0.0,0,0.0,0,0,0,0,0,0,0.0,0.0,0.0,0,0.0,0,0,0,0.0,0.0,0.0,0,0.0
467,Obi,FWD,Manchester Utd,4.4,0,0,0.0,0,0,0,0.0,0.0,0.0,0,0.0,0,0,0,0,0,0,0.0,0.0,0.0,0,0.0,0,0,0,0.0,0.0,0.0,0,0.0
468,Wheatley,FWD,Manchester Utd,4.5,0,0,0.0,0,0,0,0.0,0.0,0.0,0,0.0,0,0,0,0,0,0,0.0,0.0,0.0,0,0.0,0,0,0,0.0,0.0,0.0,0,0.0
471,Gillespie,GK,Newcastle Utd,4.0,0,0,0.0,0,0,0,0.0,0.0,0.0,0,0.0,0,0,0,0,0,0,0.0,0.0,0.0,0,0.0,0,0,0,0.0,0.0,0.0,0,0.0
472,Odysseas,GK,Newcastle Utd,4.0,0,0,0.0,0,0,0,0.0,0.0,0.0,0,0.0,0,0,0,0,0,0,0.0,0.0,0.0,0,0.0,0,0,0,0.0,0.0,0.0,0,0.0
479,Krafth,DEF,Newcastle Utd,4.4,0,0,0.0,0,0,0,0.0,0.0,0.0,0,0.0,0,0,0,0,0,0,0.0,0.0,0.0,0,0.0,0,0,0,0.0,0.0,0.0,0,0.0
481,A.Murphy,DEF,Newcastle Utd,3.9,0,0,0.0,0,0,0,0.0,0.0,0.0,0,0.0,0,0,0,0,0,0,0.0,0.0,0.0,0,0.0,0,0,0,0.0,0.0,0.0,0,0.0
482,Ashby,DEF,Newcastle Utd,3.9,0,0,0.0,0,0,0,0.0,0.0,0.0,0,0.0,0,0,0,0,0,0,0.0,0.0,0.0,0,0.0,0,0,0,0.0,0.0,0.0,0,0.0
483,Pivas,DEF,Newcastle Utd,3.9,0,0,0.0,0,0,0,0.0,0.0,0.0,0,0.0,0,0,0,0,0,0,0.0,0.0,0.0,0,0.0,0,0,0,0.0,0.0,0.0,0,0.0
484,Targett,DEF,Newcastle Utd,4.0,0,0,0.0,0,0,0,0.0,0.0,0.0,0,0.0,0,0,0,0,0,0,0.0,0.0,0.0,0,0.0,0,0,0,0.0,0.0,0.0,0,0.0
492,Antoñito C.,MID,Newcastle Utd,4.9,0,0,0.0,0,0,0,0.0,0.0,0.0,0,0.0,0,0,0,0,0,0,0.0,0.0,0.0,0,0.0,0,0,0,0.0,0.0,0.0,0,0.0
495,Hayden,MID,Newcastle Utd,4.5,0,0,0.0,0,0,0,0.0,0.0,0.0,0,0.0,0,0,0,0,0,0,0.0,0.0,0.0,0,0.0,0,0,0,0.0,0.0,0.0,0,0.0
496,Kuol,MID,Newcastle Utd,4.4,0,0,0.0,0,0,0,0.0,0.0,0.0,0,0.0,0,0,0,0,0,0,0.0,0.0,0.0,0,0.0,0,0,0,0.0,0.0,0.0,0,0.0
498,White,MID,Newcastle Utd,4.5,0,0,0.0,0,0,0,0.0,0.0,0.0,0,0.0,0,0,0,0,0,0,0.0,0.0,0.0,0,0.0,0,0,0,0.0,0.0,0.0,0,0.0
501,Neave,FWD,Newcastle Utd,4.4,0,0,0.0,0,0,0,0.0,0.0,0.0,0,0.0,0,0,0,0,0,0,0.0,0.0,0.0,0,0.0,0,0,0,0.0,0.0,0.0,0,0.0
503,C.Miguel,GK,Nott'ham Forest,4.0,0,0,0.0,0,0,0,0.0,0.0,0.0,0,0.0,0,0,0,0,0,0,0.0,0.0,0.0,0,0.0,0,0,0,0.0,0.0,0.0,0,0.0
504,Turner,GK,Nott'ham Forest,4.0,0,0,0.0,0,0,0,0.0,0.0,0.0,0,0.0,0,0,0,0,0,0,0.0,0.0,0.0,0,0.0,0,0,0,0.0,0.0,0.0,0,0.0
509,David Carmo,DEF,Nott'ham Forest,4.5,0,0,0.0,0,0,0,0.0,0.0,0.0,0,0.0,0,0,0,0,0,0,0.0,0.0,0.0,0,0.0,0,0,0,0.0,0.0,0.0,0,0.0
510,Jair Cunha,DEF,Nott'ham Forest,4.4,0,0,0.0,0,0,0,0.0,0.0,0.0,0,0.0,0,0,0,0,0,0,0.0,0.0,0.0,0,0.0,0,0,0,0.0,0.0,0.0,0,0.0
512,O.Richards,DEF,Nott'ham Forest,4.5,0,0,0.0,0,0,0,0.0,0.0,0.0,0,0.0,0,0,0,0,0,0,0.0,0.0,0.0,0,0.0,0,0,0,0.0,0.0,0.0,0,0.0
513,Abbott,DEF,Nott'ham Forest,3.9,0,0,0.0,0,0,0,0.0,0.0,0.0,0,0.0,0,0,0,0,0,0,0.0,0.0,0.0,0,0.0,0,0,0,0.0,0.0,0.0,0,0.0
514,Boly,DEF,Nott'ham Forest,3.9,0,0,0.0,0,0,0,0.0,0.0,0.0,0,0.0,0,0,0,0,0,0,0.0,0.0,0.0,0,0.0,0,0,0,0.0,0.0,0.0,0,0.0
519,Dominguez,MID,Nott'ham Forest,5.0,0,0,0.0,0,0,0,0.0,0.0,0.0,0,0.0,0,0,0,0,0,0,0.0,0.0,0.0,0,0.0,0,0,0,0.0,0.0,0.0,0,0.0
520,O'Brien,MID,Nott'ham Forest,5.0,0,0,0.0,0,0,0,0.0,0.0,0.0,0,0.0,0,0,0,0,0,0,0.0,0.0,0.0,0,0.0,0,0,0,0.0,0.0,0.0,0,0.0
523,Da Silva Moreira,MID,Nott'ham Forest,4.5,0,0,0.0,0,0,0,0.0,0.0,0.0,0,0.0,0,0,0,0,0,0,0.0,0.0,0.0,0,0.0,0,0,0,0.0,0.0,0.0,0,0.0
524,Stamenic,MID,Nott'ham Forest,4.5,0,0,0.0,0,0,0,0.0,0.0,0.0,0,0.0,0,0,0,0,0,0,0.0,0.0,0.0,0,0.0,0,0,0,0.0,0.0,0.0,0,0.0
527,Awoniyi,FWD,Nott'ham Forest,5.3,0,0,0.0,0,0,0,0.0,0.0,0.0,0,0.0,0,0,0,0,0,0,0.0,0.0,0.0,0,0.0,0,0,0,0.0,0.0,0.0,0,0.0
528,Patterson,GK,Sunderland,4.4,0,0,0.0,0,0,0,0.0,0.0,0.0,0,0.0,0,0,0,0,0,0,0.0,0.0,0.0,0,0.0,0,0,0,0.0,0.0,0.0,0,0.0
529,Moore,GK,Sunderland,4.0,0,0,0.0,0,0,0,0.0,0.0,0.0,0,0.0,0,0,0,0,0,0,0.0,0.0,0.0,0,0.0,0,0,0,0.0,0.0,0.0,0,0.0
530,Nna Noukeu,GK,Sunderland,4.0,0,0,0.0,0,0,0,0.0,0.0,0.0,0,0.0,0,0,0,0,0,0,0.0,0.0,0.0,0,0.0,0,0,0,0.0,0.0,0.0,0,0.0
533,Alese,DEF,Sunderland,4.0,0,0,0.0,0,0,0,0.0,0.0,0.0,0,0.0,0,0,0,0,0,0,0.0,0.0,0.0,0,0.0,0,0,0,0.0,0.0,0.0,0,0.0
534,Anderson,DEF,Sunderland,3.9,0,0,0.0,0,0,0,0.0,0.0,0.0,0,0.0,0,0,0,0,0,0,0.0,0.0,0.0,0,0.0,0,0,0,0.0,0.0,0.0,0,0.0
535,Cirkin,DEF,Sunderland,4.0,0,0,0.0,0,0,0,0.0,0.0,0.0,0,0.0,0,0,0,0,0,0,0.0,0.0,0.0,0,0.0,0,0,0,0.0,0.0,0.0,0,0.0
536,Hjelde,DEF,Sunderland,4.0,0,0,0.0,0,0,0,0.0,0.0,0.0,0,0.0,0,0,0,0,0,0,0.0,0.0,0.0,0,0.0,0,0,0,0.0,0.0,0.0,0,0.0
537,Huggins,DEF,Sunderland,4.0,0,0,0.0,0,0,0,0.0,0.0,0.0,0,0.0,0,0,0,0,0,0,0.0,0.0,0.0,0,0.0,0,0,0,0.0,0.0,0.0,0,0.0
538,Johnson,DEF,Sunderland,3.9,0,0,0.0,0,0,0,0.0,0.0,0.0,0,0.0,0,0,0,0,0,0,0.0,0.0,0.0,0,0.0,0,0,0,0.0,0.0,0.0,0,0.0
539,O'Nien,DEF,Sunderland,4.0,0,0,0.0,0,0,0,0.0,0.0,0.0,0,0.0,0,0,0,0,0,0,0.0,0.0,0.0,0,0.0,0,0,0,0.0,0.0,0.0,0,0.0
540,Pembele,DEF,Sunderland,3.9,0,0,0.0,0,0,0,0.0,0.0,0.0,0,0.0,0,0,0,0,0,0,0.0,0.0,0.0,0,0.0,0,0,0,0.0,0.0,0.0,0,0.0
546,Aleksić,MID,Sunderland,4.9,0,0,0.0,0,0,0,0.0,0.0,0.0,0,0.0,0,0,0,0,0,0,0.0,0.0,0.0,0,0.0,0,0,0,0.0,0.0,0.0,0,0.0
548,Mundle,MID,Sunderland,4.9,0,0,0.0,0,0,0,0.0,0.0,0.0,0,0.0,0,0,0,0,0,0,0.0,0.0,0.0,0,0.0,0,0,0,0.0,0.0,0.0,0,0.0
550,Poveda,MID,Sunderland,4.9,0,0,0.0,0,0,0,0.0,0.0,0.0,0,0.0,0,0,0,0,0,0,0.0,0.0,0.0,0,0.0,0,0,0,0.0,0.0,0.0,0,0.0
554,Ba,MID,Sunderland,4.4,0,0,0.0,0,0,0,0.0,0.0,0.0,0,0.0,0,0,0,0,0,0,0.0,0.0,0.0,0,0.0,0,0,0,0.0,0.0,0.0,0,0.0
555,Browne,MID,Sunderland,4.5,0,0,0.0,0,0,0,0.0,0.0,0.0,0,0.0,0,0,0,0,0,0,0.0,0.0,0.0,0,0.0,0,0,0,0.0,0.0,0.0,0,0.0
556,Ekwah,MID,Sunderland,4.5,0,0,0.0,0,0,0,0.0,0.0,0.0,0,0.0,0,0,0,0,0,0,0.0,0.0,0.0,0,0.0,0,0,0,0.0,0.0,0.0,0,0.0
557,H.Jones,MID,Sunderland,4.4,0,0,0.0,0,0,0,0.0,0.0,0.0,0,0.0,0,0,0,0,0,0,0.0,0.0,0.0,0,0.0,0,0,0,0.0,0.0,0.0,0,0.0
558,Matete,MID,Sunderland,4.4,0,0,0.0,0,0,0,0.0,0.0,0.0,0,0.0,0,0,0,0,0,0,0.0,0.0,0.0,0,0.0,0,0,0,0.0,0.0,0.0,0,0.0
559,Triantis,MID,Sunderland,4.4,0,0,0.0,0,0,0,0.0,0.0,0.0,0,0.0,0,0,0,0,0,0,0.0,0.0,0.0,0,0.0,0,0,0,0.0,0.0,0.0,0,0.0
562,Abdullahi,FWD,Sunderland,4.4,0,0,0.0,0,0,0,0.0,0.0,0.0,0,0.0,0,0,0,0,0,0,0.0,0.0,0.0,0,0.0,0,0,0,0.0,0.0,0.0,0,0.0
563,Luís Hemir,FWD,Sunderland,4.4,0,0,0.0,0,0,0,0.0,0.0,0.0,0,0.0,0,0,0,0,0,0,0.0,0.0,0.0,0,0.0,0,0,0,0.0,0.0,0.0,0,0.0
564,Rusyn,FWD,Sunderland,4.4,0,0,0.0,0,0,0,0.0,0.0,0.0,0,0.0,0,0,0,0,0,0,0.0,0.0,0.0,0,0.0,0,0,0,0.0,0.0,0.0,0,0.0
566,Austin,GK,Tottenham,4.0,0,0,0.0,0,0,0,0.0,0.0,0.0,0,0.0,0,0,0,0,0,0,0.0,0.0,0.0,0,0.0,0,0,0,0.0,0.0,0.0,0,0.0
567,Kinsky,GK,Tottenham,4.0,0,0,0.0,0,0,0,0.0,0.0,0.0,0,0.0,0,0,0,0,0,0,0.0,0.0,0.0,0,0.0,0,0,0,0.0,0.0,0.0,0,0.0
571,Davies,DEF,Tottenham,4.4,0,0,0.0,0,0,0,0.0,0.0,0.0,0,0.0,0,0,0,0,0,0,0.0,0.0,0.0,0,0.0,0,0,0,0.0,0.0,0.0,0,0.0
572,Dragusin,DEF,Tottenham,4.5,0,0,0.0,0,0,0,0.0,0.0,0.0,0,0.0,0,0,0,0,0,0,0.0,0.0,0.0,0,0.0,0,0,0,0.0,0.0,0.0,0,0.0
576,Phillips,DEF,Tottenham,4.0,0,0,0.0,0,0,0,0.0,0.0,0.0,0,0.0,0,0,0,0,0,0,0.0,0.0,0.0,0,0.0,0,0,0,0.0,0.0,0.0,0,0.0
577,Takai,DEF,Tottenham,4.0,0,0,0.0,0,0,0,0.0,0.0,0.0,0,0.0,0,0,0,0,0,0,0.0,0.0,0.0,0,0.0,0,0,0,0.0,0.0,0.0,0,0.0
578,Vuskovic,DEF,Tottenham,3.9,0,0,0.0,0,0,0,0.0,0.0,0.0,0,0.0,0,0,0,0,0,0,0.0,0.0,0.0,0,0.0,0,0,0,0.0,0.0,0.0,0,0.0
579,Son,MID,Tottenham,8.5,0,0,0.0,0,0,0,0.0,0.0,0.0,0,0.0,0,0,0,0,0,0,0.0,0.0,0.0,0,0.0,0,0,0,0.0,0.0,0.0,0,0.0
581,Maddison,MID,Tottenham,6.9,0,0,0.0,0,0,0,0.0,0.0,0.0,0,0.0,0,0,0,0,0,0,0.0,0.0,0.0,0,0.0,0,0,0,0.0,0.0,0.0,0,0.0
583,Kulusevski,MID,Tottenham,6.4,0,0,0.0,0,0,0,0.0,0.0,0.0,0,0.0,0,0,0,0,0,0,0.0,0.0,0.0,0,0.0,0,0,0,0.0,0.0,0.0,0,0.0
587,Bissouma,MID,Tottenham,5.3,0,0,0.0,0,0,0,0.0,0.0,0.0,0,0.0,0,0,0,0,0,0,0.0,0.0,0.0,0,0.0,0,0,0,0.0,0.0,0.0,0,0.0
589,Solomon,MID,Tottenham,5.4,0,0,0.0,0,0,0,0.0,0.0,0.0,0,0.0,0,0,0,0,0,0,0.0,0.0,0.0,0,0.0,0,0,0,0.0,0.0,0.0,0,0.0
590,Bryan,MID,Tottenham,4.9,0,0,0.0,0,0,0,0.0,0.0,0.0,0,0.0,0,0,0,0,0,0,0.0,0.0,0.0,0,0.0,0,0,0,0.0,0.0,0.0,0,0.0
592,Moore,MID,Tottenham,5.0,0,0,0.0,0,0,0,0.0,0.0,0.0,0,0.0,0,0,0,0,0,0,0.0,0.0,0.0,0,0.0,0,0,0,0.0,0.0,0.0,0,0.0
594,Min-hyeok,MID,Tottenham,4.5,0,0,0.0,0,0,0,0.0,0.0,0.0,0,0.0,0,0,0,0,0,0,0.0,0.0,0.0,0,0.0,0,0,0,0.0,0.0,0.0,0,0.0
595,Olusesi,MID,Tottenham,4.4,0,0,0.0,0,0,0,0.0,0.0,0.0,0,0.0,0,0,0,0,0,0,0.0,0.0,0.0,0,0.0,0,0,0,0.0,0.0,0.0,0,0.0
598,Lankshear,FWD,Tottenham,4.5,0,0,0.0,0,0,0,0.0,0.0,0.0,0,0.0,0,0,0,0,0,0,0.0,0.0,0.0,0,0.0,0,0,0,0.0,0.0,0.0,0,0.0
599,Scarlett,FWD,Tottenham,4.4,0,0,0.0,0,0,0,0.0,0.0,0.0,0,0.0,0,0,0,0,0,0,0.0,0.0,0.0,0,0.0,0,0,0,0.0,0.0,0.0,0,0.0
601,Foderingham,GK,West Ham,4.0,0,0,0.0,0,0,0,0.0,0.0,0.0,0,0.0,0,0,0,0,0,0,0.0,0.0,0.0,0,0.0,0,0,0,0.0,0.0,0.0,0,0.0
602,Hegyi,GK,West Ham,4.0,0,0,0.0,0,0,0,0.0,0.0,0.0,0,0.0,0,0,0,0,0,0,0.0,0.0,0.0,0,0.0,0,0,0,0.0,0.0,0.0,0,0.0
604,Emerson,DEF,West Ham,4.4,0,0,0.0,0,0,0,0.0,0.0,0.0,0,0.0,0,0,0,0,0,0,0.0,0.0,0.0,0,0.0,0,0,0,0.0,0.0,0.0,0,0.0
608,Scarles,DEF,West Ham,4.4,0,0,0.0,0,0,0,0.0,0.0,0.0,0,0.0,0,0,0,0,0,0,0.0,0.0,0.0,0,0.0,0,0,0,0.0,0.0,0.0,0,0.0
611,Casey,DEF,West Ham,4.0,0,0,0.0,0,0,0,0.0,0.0,0.0,0,0.0,0,0,0,0,0,0,0.0,0.0,0.0,0,0.0,0,0,0,0.0,0.0,0.0,0,0.0
616,Álvarez,MID,West Ham,4.9,0,0,0.0,0,0,0,0.0,0.0,0.0,0,0.0,0,0,0,0,0,0,0.0,0.0,0.0,0,0.0,0,0,0,0.0,0.0,0.0,0,0.0
617,Cornet,MID,West Ham,4.9,0,0,0.0,0,0,0,0.0,0.0,0.0,0,0.0,0,0,0,0,0,0,0.0,0.0,0.0,0,0.0,0,0,0,0.0,0.0,0.0,0,0.0
620,Earthy,MID,West Ham,4.5,0,0,0.0,0,0,0,0.0,0.0,0.0,0,0.0,0,0,0,0,0,0,0.0,0.0,0.0,0,0.0,0,0,0,0.0,0.0,0.0,0,0.0
622,Orford,MID,West Ham,4.4,0,0,0.0,0,0,0,0.0,0.0,0.0,0,0.0,0,0,0,0,0,0,0.0,0.0,0.0,0,0.0,0,0,0,0.0,0.0,0.0,0,0.0
626,Marshall,FWD,West Ham,4.4,0,0,0.0,0,0,0,0.0,0.0,0.0,0,0.0,0,0,0,0,0,0,0.0,0.0,0.0,0,0.0,0,0,0,0.0,0.0,0.0,0,0.0
629,Bentley,GK,Wolves,4.0,0,0,0.0,0,0,0,0.0,0.0,0.0,0,0.0,0,0,0,0,0,0,0.0,0.0,0.0,0,0.0,0,0,0,0.0,0.0,0.0,0,0.0
630,King,GK,Everton,4.0,0,0,0.0,0,0,0,0.0,0.0,0.0,0,0.0,0,0,0,0,0,0,0.0,0.0,0.0,0,0.0,0,0,0,0.0,0.0,0.0,0,0.0
639,Meupiyou,DEF,Wolves,4.0,0,0,0.0,0,0,0,0.0,0.0,0.0,0,0.0,0,0,0,0,0,0,0.0,0.0,0.0,0,0.0,0,0,0,0.0,0.0,0.0,0,0.0
640,Pedro Lima,DEF,Wolves,4.0,0,0,0.0,0,0,0,0.0,0.0,0.0,0,0.0,0,0,0,0,0,0,0.0,0.0,0.0,0,0.0,0,0,0,0.0,0.0,0.0,0,0.0
641,Pond,DEF,Wolves,4.0,0,0,0.0,0,0,0,0.0,0.0,0.0,0,0.0,0,0,0,0,0,0,0.0,0.0,0.0,0,0.0,0,0,0,0.0,0.0,0.0,0,0.0
647,Guedes,MID,Wolves,5.5,0,0,0.0,0,0,0,0.0,0.0,0.0,0,0.0,0,0,0,0,0,0,0.0,0.0,0.0,0,0.0,0,0,0,0.0,0.0,0.0,0,0.0
649,B.Traore,MID,Wolves,5.0,0,0,0.0,0,0,0,0.0,0.0,0.0,0,0.0,0,0,0,0,0,0,0.0,0.0,0.0,0,0.0,0,0,0,0.0,0.0,0.0,0,0.0
650,Chirewa,MID,Wolves,4.4,0,0,0.0,0,0,0,0.0,0.0,0.0,0,0.0,0,0,0,0,0,0,0.0,0.0,0.0,0,0.0,0,0,0,0.0,0.0,0.0,0,0.0
651,Edozie,MID,Wolves,4.4,0,0,0.0,0,0,0,0.0,0.0,0.0,0,0.0,0,0,0,0,0,0,0.0,0.0,0.0,0,0.0,0,0,0,0.0,0.0,0.0,0,0.0
652,Gonzalez,MID,Wolves,4.4,0,0,0.0,0,0,0,0.0,0.0,0.0,0,0.0,0,0,0,0,0,0,0.0,0.0,0.0,0,0.0,0,0,0,0.0,0.0,0.0,0,0.0
653,Hodge,MID,Wolves,4.5,0,0,0.0,0,0,0,0.0,0.0,0.0,0,0.0,0,0,0,0,0,0,0.0,0.0,0.0,0,0.0,0,0,0,0.0,0.0,0.0,0,0.0
655,Fábio Silva,FWD,Wolves,4.9,0,0,0.0,0,0,0,0.0,0.0,0.0,0,0.0,0,0,0,0,0,0,0.0,0.0,0.0,0,0.0,0,0,0,0.0,0.0,0.0,0,0.0
657,Chiwome,FWD,Wolves,4.5,0,0,0.0,0,0,0,0.0,0.0,0.0,0,0.0,0,0,0,0,0,0,0.0,0.0,0.0,0,0.0,0,0,0,0.0,0.0,0.0,0,0.0
658,Fraser,FWD,Wolves,4.4,0,0,0.0,0,0,0,0.0,0.0,0.0,0,0.0,0,0,0,0,0,0,0.0,0.0,0.0,0,0.0,0,0,0,0.0,0.0,0.0,0,0.0
664,Lecomte,GK,Fulham,4.0,0,0,0.0,0,0,0,0.0,0.0,0.0,0,0.0,0,0,0,0,0,0,0.0,0.0,0.0,0,0.0,0,0,0,0.0,0.0,0.0,0,0.0
667,Aznou,DEF,Everton,4.4,0,0,0.0,0,0,0,0.0,0.0,0.0,0,0.0,0,0,0,0,0,0,0.0,0.0,0.0,0,0.0,0,0,0,0.0,0.0,0.0,0,0.0
674,Ramsdale,GK,Newcastle Utd,4.9,0,0,0.0,0,0,0,0.0,0.0,0.0,0,0.0,0,0,0,0,0,0,0.0,0.0,0.0,0,0.0,0,0,0,0.0,0.0,0.0,0,0.0
675,Gunn,GK,Nott'ham Forest,4.0,0,0,0.0,0,0,0,0.0,0.0,0.0,0,0.0,0,0,0,0,0,0,0.0,0.0,0.0,0,0.0,0,0,0,0.0,0.0,0.0,0,0.0
687,Rees-Dottin,MID,Bournemouth,4.5,0,0,0.0,0,0,0,0.0,0.0,0.0,0,0.0,0,0,0,0,0,0,0.0,0.0,0.0,0,0.0,0,0,0,0.0,0.0,0.0,0,0.0
688,Wright,GK,Aston Villa,4.0,0,0,0.0,0,0,0,0.0,0.0,0.0,0,0.0,0,0,0,0,0,0,0.0,0.0,0.0,0,0.0,0,0,0,0.0,0.0,0.0,0,0.0
689,Seung soo,MID,Newcastle Utd,4.5,0,0,0.0,0,0,0,0.0,0.0,0.0,0,0.0,0,0,0,0,0,0,0.0,0.0,0.0,0,0.0,0,0,0,0.0,0.0,0.0,0,0.0
690,Cardines,MID,Crystal Palace,4.5,0,0,0.0,0,0,0,0.0,0.0,0.0,0,0.0,0,0,0,0,0,0,0.0,0.0,0.0,0,0.0,0,0,0,0.0,0.0,0.0,0,0.0
692,Leoni,DEF,Liverpool,5.0,0,0,0.0,0,0,0,0.0,0.0,0.0,0,0.0,0,0,0,0,0,0,0.0,0.0,0.0,0,0.0,0,0,0,0.0,0.0,0.0,0,0.0
701,Rowe,DEF,Aston Villa,4.0,0,0,0.0,0,0,0,0.0,0.0,0.0,0,0.0,0,0,0,0,0,0,0.0,0.0,0.0,0,0.0,0,0,0,0.0,0.0,0.0,0,0.0
703,Proctor,GK,Aston Villa,4.0,0,0,0.0,0,0,0,0.0,0.0,0.0,0,0.0,0,0,0,0,0,0,0.0,0.0,0.0,0,0.0,0,0,0,0.0,0.0,0.0,0,0.0
704,Onyango,MID,Everton,4.5,0,0,0.0,0,0,0,0.0,0.0,0.0,0,0.0,0,0,0,0,0,0,0.0,0.0,0.0,0,0.0,0,0,0,0.0,0.0,0.0,0,0.0
705,Campbell,DEF,Everton,4.0,0,0,0.0,0,0,0,0.0,0.0,0.0,0,0.0,0,0,0,0,0,0,0.0,0.0,0.0,0,0.0,0,0,0,0.0,0.0,0.0,0,0.0
710,Patterson,DEF,Aston Villa,4.0,0,0,0.0,0,0,0,0.0,0.0,0.0,0,0.0,0,0,0,0,0,0,0.0,0.0,0.0,0,0.0,0,0,0,0.0,0.0,0.0,0,0.0
711,Harriman-Annous,MID,Arsenal,4.5,0,0,0.0,0,0,0,0.0,0.0,0.0,0,0.0,0,0,0,0,0,0,0.0,0.0,0.0,0,0.0,0,0,0,0.0,0.0,0.0,0,0.0
715,John,GK,Nott'ham Forest,4.0,0,0,0.0,0,0,0,0.0,0.0,0.0,0,0.0,0,0,0,0,0,0,0.0,0.0,0.0,0,0.0,0,0,0,0.0,0.0,0.0,0,0.0
716,Savona,DEF,Nott'ham Forest,4.5,0,0,0.0,1,0,0,0.0,0.0,0.0,2,0.88,0,5,0,0,0,0,0.0,0.0,0.0,0,0.0,1,0,0,0.0,0.0,0.0,2,0.88
723,Canvot,DEF,Crystal Palace,4.5,0,0,0.0,0,0,0,0.0,0.0,0.0,0,0.0,0,0,0,0,0,0,0.0,0.0,0.0,0,0.0,0,0,0,0.0,0.0,0.0,0,0.0
725,Hincapie,DEF,Arsenal,5.5,0,0,0.0,0,0,0,0.0,0.0,0.0,0,0.0,0,0,0,0,0,0,0.0,0.0,0.0,0,0.0,0,0,0,0.0,0.0,0.0,0,0.0
726,Kolo Muani,FWD,Tottenham,7.0,0,0,0.0,0,0,0,0.0,0.0,0.0,0,0.0,0,0,0,0,0,0,0.0,0.0,0.0,0,0.0,0,0,0,0.0,0.0,0.0,0,0.0
727,Chukwueze,MID,Fulham,5.5,0,0,0.0,0,0,0,0.0,0.0,0.0,0,0.0,0,0,0,0,0,0,0.0,0.0,0.0,0,0.0,0,0,0,0.0,0.0,0.0,0,0.0
729,Cuiabano,DEF,Nott'ham Forest,4.5,0,0,0.0,0,0,0,0.0,0.0,0.0,0,0.0,0,0,0,0,0,0,0.0,0.0,0.0,0,0.0,0,0,0,0.0,0.0,0.0,0,0.0
733,Lammens,GK,Manchester Utd,5.0,0,0,0.0,0,0,0,0.0,0.0,0.0,0,0.0,0,0,0,0,0,0,0.0,0.0,0.0,0,0.0,0,0,0,0.0,0.0,0.0,0,0.0
735,Traoré,MID,Sunderland,5.5,0,0,0.0,0,0,0,0.0,0.0,0.0,0,0.0,0,0,0,0,0,0,0.0,0.0,0.0,0,0.0,0,0,0,0.0,0.0,0.0,0,0.0
737,Kusi-Asare,FWD,Fulham,4.5,0,0,0.0,0,0,0,0.0,0.0,0.0,0,0.0,0,0,0,0,0,0,0.0,0.0,0.0,0,0.0,0,0,0,0.0,0.0,0.0,0,0.0
738,Fabianski,GK,West Ham,4.5,0,0,0.0,0,0,0,0.0,0.0,0.0,0,0.0,0,0,0,0,0,0,0.0,0.0,0.0,0,0.0,0,0,0,0.0,0.0,0.0,0,0.0
739,Mukasa,MID,Manchester City,4.5,0,0,0.0,0,0,0,0.0,0.0,0.0,0,0.0,0,0,0,0,0,0,0.0,0.0,0.0,0,0.0,0,0,0,0.0,0.0,0.0,0,0.0
740,Mfuni,DEF,Manchester City,4.0,0,0,0.0,0,0,0,0.0,0.0,0.0,0,0.0,0,0,0,0,0,0,0.0,0.0,0.0,0,0.0,0,0,0,0.0,0.0,0.0,0,0.0
741,Gray,FWD,Leeds United,4.5,0,0,0.0,0,0,0,0.0,0.0,0.0,0,0.0,0,0,0,0,0,0,0.0,0.0,0.0,0,0.0,0,0,0,0.0,0.0,0.0,0,0.0
